--
-- PostgreSQL database dump
--

-- Dumped from database version 17.5
-- Dumped by pg_dump version 17.5

SET statement_timeout = 0;
SET lock_timeout = 0;
SET idle_in_transaction_session_timeout = 0;
SET transaction_timeout = 0;
SET client_encoding = 'UTF8';
SET standard_conforming_strings = on;
SELECT pg_catalog.set_config('search_path', '', false);
SET check_function_bodies = false;
SET xmloption = content;
SET client_min_messages = warning;
SET row_security = off;

SET default_tablespace = '';

SET default_table_access_method = heap;

--
-- Name: api_agriculteur; Type: TABLE; Schema: public; Owner: postgres
--

CREATE TABLE public.api_agriculteur (
    deleted timestamp with time zone,
    deleted_by_cascade boolean NOT NULL,
    id integer NOT NULL,
    nom character varying(100) NOT NULL,
    prenom character varying(100) NOT NULL,
    "phoneNum" integer NOT NULL,
    numero_carte_fellah integer
);


ALTER TABLE public.api_agriculteur OWNER TO postgres;

--
-- Name: api_agriculteur_id_seq; Type: SEQUENCE; Schema: public; Owner: postgres
--

ALTER TABLE public.api_agriculteur ALTER COLUMN id ADD GENERATED BY DEFAULT AS IDENTITY (
    SEQUENCE NAME public.api_agriculteur_id_seq
    START WITH 1
    INCREMENT BY 1
    NO MINVALUE
    NO MAXVALUE
    CACHE 1
);


--
-- Name: api_commune; Type: TABLE; Schema: public; Owner: postgres
--

CREATE TABLE public.api_commune (
    deleted timestamp with time zone,
    deleted_by_cascade boolean NOT NULL,
    id integer NOT NULL,
    nom character varying(100) NOT NULL,
    subdivision_id integer NOT NULL
);


ALTER TABLE public.api_commune OWNER TO postgres;

--
-- Name: api_commune_id_seq; Type: SEQUENCE; Schema: public; Owner: postgres
--

ALTER TABLE public.api_commune ALTER COLUMN id ADD GENERATED BY DEFAULT AS IDENTITY (
    SEQUENCE NAME public.api_commune_id_seq
    START WITH 1
    INCREMENT BY 1
    NO MINVALUE
    NO MAXVALUE
    CACHE 1
);


--
-- Name: api_customuser; Type: TABLE; Schema: public; Owner: postgres
--

CREATE TABLE public.api_customuser (
    id bigint NOT NULL,
    password character varying(128) NOT NULL,
    last_login timestamp with time zone,
    deleted timestamp with time zone,
    deleted_by_cascade boolean NOT NULL,
    nom character varying(15) NOT NULL,
    prenom character varying(15) NOT NULL,
    email character varying(254) NOT NULL,
    "phoneNum" integer,
    "createDate" timestamp with time zone NOT NULL,
    is_staff boolean NOT NULL,
    is_active boolean NOT NULL,
    is_superuser boolean NOT NULL,
    role_id integer NOT NULL
);


ALTER TABLE public.api_customuser OWNER TO postgres;

--
-- Name: api_customuser_groups; Type: TABLE; Schema: public; Owner: postgres
--

CREATE TABLE public.api_customuser_groups (
    id bigint NOT NULL,
    customuser_id bigint NOT NULL,
    group_id integer NOT NULL
);


ALTER TABLE public.api_customuser_groups OWNER TO postgres;

--
-- Name: api_customuser_groups_id_seq; Type: SEQUENCE; Schema: public; Owner: postgres
--

ALTER TABLE public.api_customuser_groups ALTER COLUMN id ADD GENERATED BY DEFAULT AS IDENTITY (
    SEQUENCE NAME public.api_customuser_groups_id_seq
    START WITH 1
    INCREMENT BY 1
    NO MINVALUE
    NO MAXVALUE
    CACHE 1
);


--
-- Name: api_customuser_id_seq; Type: SEQUENCE; Schema: public; Owner: postgres
--

ALTER TABLE public.api_customuser ALTER COLUMN id ADD GENERATED BY DEFAULT AS IDENTITY (
    SEQUENCE NAME public.api_customuser_id_seq
    START WITH 1
    INCREMENT BY 1
    NO MINVALUE
    NO MAXVALUE
    CACHE 1
);


--
-- Name: api_customuser_user_permissions; Type: TABLE; Schema: public; Owner: postgres
--

CREATE TABLE public.api_customuser_user_permissions (
    id bigint NOT NULL,
    customuser_id bigint NOT NULL,
    permission_id integer NOT NULL
);


ALTER TABLE public.api_customuser_user_permissions OWNER TO postgres;

--
-- Name: api_customuser_user_permissions_id_seq; Type: SEQUENCE; Schema: public; Owner: postgres
--

ALTER TABLE public.api_customuser_user_permissions ALTER COLUMN id ADD GENERATED BY DEFAULT AS IDENTITY (
    SEQUENCE NAME public.api_customuser_user_permissions_id_seq
    START WITH 1
    INCREMENT BY 1
    NO MINVALUE
    NO MAXVALUE
    CACHE 1
);


--
-- Name: api_espece; Type: TABLE; Schema: public; Owner: postgres
--

CREATE TABLE public.api_espece (
    deleted timestamp with time zone,
    deleted_by_cascade boolean NOT NULL,
    id integer NOT NULL,
    nom character varying(100) NOT NULL
);


ALTER TABLE public.api_espece OWNER TO postgres;

--
-- Name: api_espece_id_seq; Type: SEQUENCE; Schema: public; Owner: postgres
--

ALTER TABLE public.api_espece ALTER COLUMN id ADD GENERATED BY DEFAULT AS IDENTITY (
    SEQUENCE NAME public.api_espece_id_seq
    START WITH 1
    INCREMENT BY 1
    NO MINVALUE
    NO MAXVALUE
    CACHE 1
);


--
-- Name: api_exploitation; Type: TABLE; Schema: public; Owner: postgres
--

CREATE TABLE public.api_exploitation (
    deleted timestamp with time zone,
    deleted_by_cascade boolean NOT NULL,
    id integer NOT NULL,
    nom character varying(100) NOT NULL,
    lieu character varying(100) NOT NULL,
    superficie double precision NOT NULL,
    situation character varying(500) NOT NULL,
    longtitude double precision NOT NULL,
    latitude double precision NOT NULL,
    agriculteur_id integer NOT NULL,
    commune_id integer NOT NULL
);


ALTER TABLE public.api_exploitation OWNER TO postgres;

--
-- Name: api_exploitation_id_seq; Type: SEQUENCE; Schema: public; Owner: postgres
--

ALTER TABLE public.api_exploitation ALTER COLUMN id ADD GENERATED BY DEFAULT AS IDENTITY (
    SEQUENCE NAME public.api_exploitation_id_seq
    START WITH 1
    INCREMENT BY 1
    NO MINVALUE
    NO MAXVALUE
    CACHE 1
);


--
-- Name: api_objectif; Type: TABLE; Schema: public; Owner: postgres
--

CREATE TABLE public.api_objectif (
    deleted timestamp with time zone,
    deleted_by_cascade boolean NOT NULL,
    annee integer NOT NULL,
    id integer NOT NULL,
    objectif_production double precision NOT NULL,
    espece_id integer NOT NULL,
    wilaya_id integer NOT NULL
);


ALTER TABLE public.api_objectif OWNER TO postgres;

--
-- Name: api_objectif_id_seq; Type: SEQUENCE; Schema: public; Owner: postgres
--

ALTER TABLE public.api_objectif ALTER COLUMN id ADD GENERATED BY DEFAULT AS IDENTITY (
    SEQUENCE NAME public.api_objectif_id_seq
    START WITH 1
    INCREMENT BY 1
    NO MINVALUE
    NO MAXVALUE
    CACHE 1
);


--
-- Name: api_parcelle; Type: TABLE; Schema: public; Owner: postgres
--

CREATE TABLE public.api_parcelle (
    deleted timestamp with time zone,
    deleted_by_cascade boolean NOT NULL,
    annee integer NOT NULL,
    id integer NOT NULL,
    date_creation timestamp with time zone NOT NULL,
    superficie double precision NOT NULL,
    sup_labouree double precision,
    sup_emblavee double precision,
    sup_sinsitree double precision,
    sup_recoltee double precision,
    sup_deserbee double precision,
    prev_de_production double precision,
    production double precision,
    engrais_de_fond double precision,
    engrais_de_couverture double precision,
    espece_id integer NOT NULL,
    exploitation_id integer NOT NULL
);


ALTER TABLE public.api_parcelle OWNER TO postgres;

--
-- Name: api_parcelle_id_seq; Type: SEQUENCE; Schema: public; Owner: postgres
--

ALTER TABLE public.api_parcelle ALTER COLUMN id ADD GENERATED BY DEFAULT AS IDENTITY (
    SEQUENCE NAME public.api_parcelle_id_seq
    START WITH 1
    INCREMENT BY 1
    NO MINVALUE
    NO MAXVALUE
    CACHE 1
);


--
-- Name: api_permissions; Type: TABLE; Schema: public; Owner: postgres
--

CREATE TABLE public.api_permissions (
    id bigint NOT NULL,
    deleted timestamp with time zone,
    deleted_by_cascade boolean NOT NULL,
    model character varying(15) NOT NULL,
    "create" boolean NOT NULL,
    retrieve boolean NOT NULL,
    update boolean NOT NULL,
    destroy boolean NOT NULL,
    user_id bigint NOT NULL
);


ALTER TABLE public.api_permissions OWNER TO postgres;

--
-- Name: api_permissions_id_seq; Type: SEQUENCE; Schema: public; Owner: postgres
--

ALTER TABLE public.api_permissions ALTER COLUMN id ADD GENERATED BY DEFAULT AS IDENTITY (
    SEQUENCE NAME public.api_permissions_id_seq
    START WITH 1
    INCREMENT BY 1
    NO MINVALUE
    NO MAXVALUE
    CACHE 1
);


--
-- Name: api_role; Type: TABLE; Schema: public; Owner: postgres
--

CREATE TABLE public.api_role (
    deleted timestamp with time zone,
    deleted_by_cascade boolean NOT NULL,
    id integer NOT NULL,
    nom character varying(100) NOT NULL
);


ALTER TABLE public.api_role OWNER TO postgres;

--
-- Name: api_role_id_seq; Type: SEQUENCE; Schema: public; Owner: postgres
--

ALTER TABLE public.api_role ALTER COLUMN id ADD GENERATED BY DEFAULT AS IDENTITY (
    SEQUENCE NAME public.api_role_id_seq
    START WITH 1
    INCREMENT BY 1
    NO MINVALUE
    NO MAXVALUE
    CACHE 1
);


--
-- Name: api_subdivision; Type: TABLE; Schema: public; Owner: postgres
--

CREATE TABLE public.api_subdivision (
    deleted timestamp with time zone,
    deleted_by_cascade boolean NOT NULL,
    id integer NOT NULL,
    nom character varying(100) NOT NULL,
    wilaya_id integer NOT NULL
);


ALTER TABLE public.api_subdivision OWNER TO postgres;

--
-- Name: api_subdivision_id_seq; Type: SEQUENCE; Schema: public; Owner: postgres
--

ALTER TABLE public.api_subdivision ALTER COLUMN id ADD GENERATED BY DEFAULT AS IDENTITY (
    SEQUENCE NAME public.api_subdivision_id_seq
    START WITH 1
    INCREMENT BY 1
    NO MINVALUE
    NO MAXVALUE
    CACHE 1
);


--
-- Name: api_usersubdivision; Type: TABLE; Schema: public; Owner: postgres
--

CREATE TABLE public.api_usersubdivision (
    id bigint NOT NULL,
    deleted timestamp with time zone,
    deleted_by_cascade boolean NOT NULL,
    subdivision_id integer NOT NULL,
    user_id bigint NOT NULL
);


ALTER TABLE public.api_usersubdivision OWNER TO postgres;

--
-- Name: api_usersubdivision_id_seq; Type: SEQUENCE; Schema: public; Owner: postgres
--

ALTER TABLE public.api_usersubdivision ALTER COLUMN id ADD GENERATED BY DEFAULT AS IDENTITY (
    SEQUENCE NAME public.api_usersubdivision_id_seq
    START WITH 1
    INCREMENT BY 1
    NO MINVALUE
    NO MAXVALUE
    CACHE 1
);


--
-- Name: api_userwilaya; Type: TABLE; Schema: public; Owner: postgres
--

CREATE TABLE public.api_userwilaya (
    id bigint NOT NULL,
    deleted timestamp with time zone,
    deleted_by_cascade boolean NOT NULL,
    user_id bigint NOT NULL,
    wilaya_id integer NOT NULL
);


ALTER TABLE public.api_userwilaya OWNER TO postgres;

--
-- Name: api_userwilaya_id_seq; Type: SEQUENCE; Schema: public; Owner: postgres
--

ALTER TABLE public.api_userwilaya ALTER COLUMN id ADD GENERATED BY DEFAULT AS IDENTITY (
    SEQUENCE NAME public.api_userwilaya_id_seq
    START WITH 1
    INCREMENT BY 1
    NO MINVALUE
    NO MAXVALUE
    CACHE 1
);


--
-- Name: api_wilaya; Type: TABLE; Schema: public; Owner: postgres
--

CREATE TABLE public.api_wilaya (
    deleted timestamp with time zone,
    deleted_by_cascade boolean NOT NULL,
    id integer NOT NULL,
    nom character varying(100) NOT NULL
);


ALTER TABLE public.api_wilaya OWNER TO postgres;

--
-- Name: api_wilaya_id_seq; Type: SEQUENCE; Schema: public; Owner: postgres
--

ALTER TABLE public.api_wilaya ALTER COLUMN id ADD GENERATED BY DEFAULT AS IDENTITY (
    SEQUENCE NAME public.api_wilaya_id_seq
    START WITH 1
    INCREMENT BY 1
    NO MINVALUE
    NO MAXVALUE
    CACHE 1
);


--
-- Name: auth_group; Type: TABLE; Schema: public; Owner: postgres
--

CREATE TABLE public.auth_group (
    id integer NOT NULL,
    name character varying(150) NOT NULL
);


ALTER TABLE public.auth_group OWNER TO postgres;

--
-- Name: auth_group_id_seq; Type: SEQUENCE; Schema: public; Owner: postgres
--

ALTER TABLE public.auth_group ALTER COLUMN id ADD GENERATED BY DEFAULT AS IDENTITY (
    SEQUENCE NAME public.auth_group_id_seq
    START WITH 1
    INCREMENT BY 1
    NO MINVALUE
    NO MAXVALUE
    CACHE 1
);


--
-- Name: auth_group_permissions; Type: TABLE; Schema: public; Owner: postgres
--

CREATE TABLE public.auth_group_permissions (
    id bigint NOT NULL,
    group_id integer NOT NULL,
    permission_id integer NOT NULL
);


ALTER TABLE public.auth_group_permissions OWNER TO postgres;

--
-- Name: auth_group_permissions_id_seq; Type: SEQUENCE; Schema: public; Owner: postgres
--

ALTER TABLE public.auth_group_permissions ALTER COLUMN id ADD GENERATED BY DEFAULT AS IDENTITY (
    SEQUENCE NAME public.auth_group_permissions_id_seq
    START WITH 1
    INCREMENT BY 1
    NO MINVALUE
    NO MAXVALUE
    CACHE 1
);


--
-- Name: auth_permission; Type: TABLE; Schema: public; Owner: postgres
--

CREATE TABLE public.auth_permission (
    id integer NOT NULL,
    name character varying(255) NOT NULL,
    content_type_id integer NOT NULL,
    codename character varying(100) NOT NULL
);


ALTER TABLE public.auth_permission OWNER TO postgres;

--
-- Name: auth_permission_id_seq; Type: SEQUENCE; Schema: public; Owner: postgres
--

ALTER TABLE public.auth_permission ALTER COLUMN id ADD GENERATED BY DEFAULT AS IDENTITY (
    SEQUENCE NAME public.auth_permission_id_seq
    START WITH 1
    INCREMENT BY 1
    NO MINVALUE
    NO MAXVALUE
    CACHE 1
);


--
-- Name: django_admin_log; Type: TABLE; Schema: public; Owner: postgres
--

CREATE TABLE public.django_admin_log (
    id integer NOT NULL,
    action_time timestamp with time zone NOT NULL,
    object_id text,
    object_repr character varying(200) NOT NULL,
    action_flag smallint NOT NULL,
    change_message text NOT NULL,
    content_type_id integer,
    user_id bigint NOT NULL,
    CONSTRAINT django_admin_log_action_flag_check CHECK ((action_flag >= 0))
);


ALTER TABLE public.django_admin_log OWNER TO postgres;

--
-- Name: django_admin_log_id_seq; Type: SEQUENCE; Schema: public; Owner: postgres
--

ALTER TABLE public.django_admin_log ALTER COLUMN id ADD GENERATED BY DEFAULT AS IDENTITY (
    SEQUENCE NAME public.django_admin_log_id_seq
    START WITH 1
    INCREMENT BY 1
    NO MINVALUE
    NO MAXVALUE
    CACHE 1
);


--
-- Name: django_content_type; Type: TABLE; Schema: public; Owner: postgres
--

CREATE TABLE public.django_content_type (
    id integer NOT NULL,
    app_label character varying(100) NOT NULL,
    model character varying(100) NOT NULL
);


ALTER TABLE public.django_content_type OWNER TO postgres;

--
-- Name: django_content_type_id_seq; Type: SEQUENCE; Schema: public; Owner: postgres
--

ALTER TABLE public.django_content_type ALTER COLUMN id ADD GENERATED BY DEFAULT AS IDENTITY (
    SEQUENCE NAME public.django_content_type_id_seq
    START WITH 1
    INCREMENT BY 1
    NO MINVALUE
    NO MAXVALUE
    CACHE 1
);


--
-- Name: django_migrations; Type: TABLE; Schema: public; Owner: postgres
--

CREATE TABLE public.django_migrations (
    id bigint NOT NULL,
    app character varying(255) NOT NULL,
    name character varying(255) NOT NULL,
    applied timestamp with time zone NOT NULL
);


ALTER TABLE public.django_migrations OWNER TO postgres;

--
-- Name: django_migrations_id_seq; Type: SEQUENCE; Schema: public; Owner: postgres
--

ALTER TABLE public.django_migrations ALTER COLUMN id ADD GENERATED BY DEFAULT AS IDENTITY (
    SEQUENCE NAME public.django_migrations_id_seq
    START WITH 1
    INCREMENT BY 1
    NO MINVALUE
    NO MAXVALUE
    CACHE 1
);


--
-- Name: django_session; Type: TABLE; Schema: public; Owner: postgres
--

CREATE TABLE public.django_session (
    session_key character varying(40) NOT NULL,
    session_data text NOT NULL,
    expire_date timestamp with time zone NOT NULL
);


ALTER TABLE public.django_session OWNER TO postgres;

--
-- Data for Name: api_agriculteur; Type: TABLE DATA; Schema: public; Owner: postgres
--

COPY public.api_agriculteur (deleted, deleted_by_cascade, id, nom, prenom, "phoneNum", numero_carte_fellah) FROM stdin;
\N	f	1	nom_1	prenom_1	213000001	300001
\N	f	2	nom_2	prenom_2	213000002	300002
\N	f	3	nom_3	prenom_3	213000003	300003
\N	f	4	nom_4	prenom_4	213000004	300004
\N	f	5	nom_5	prenom_5	213000005	300005
\N	f	10	extra_nom_10	extra_prenom_10	213100010	400010
\N	f	11	extra_nom_11	extra_prenom_11	213100011	400011
\N	f	12	extra_nom_12	extra_prenom_12	213100012	400012
\.


--
-- Data for Name: api_commune; Type: TABLE DATA; Schema: public; Owner: postgres
--

COPY public.api_commune (deleted, deleted_by_cascade, id, nom, subdivision_id) FROM stdin;
\N	f	101	adrar	101
\N	f	102	tamest	105
\N	f	104	reggane	106
\N	f	105	in zghmir	106
\N	f	106	tit	103
\N	f	108	tsabit	101
\N	f	111	zaouiet kounta	106
\N	f	112	aoulef	103
\N	f	113	timokten	103
\N	f	114	tamentit	105
\N	f	115	fenoughil	105
\N	f	118	sali	106
\N	f	119	akabli	103
\N	f	121	ouled ahmed timmi	101
\N	f	122	bouda	101
\N	f	126	sbaa	101
\N	f	201	chlef	201
\N	f	202	tenes	209
\N	f	203	benairia	210
\N	f	204	el karimia	206
\N	f	205	tadjena	202
\N	f	206	taougrite	211
\N	f	207	beni haoua	204
\N	f	208	sobha	205
\N	f	209	harchoun	206
\N	f	210	ouled fares	208
\N	f	211	sidi akkacha	209
\N	f	212	boukadir	205
\N	f	213	beni rached	207
\N	f	214	talassa	202
\N	f	215	harenfa	203
\N	f	216	oued goussine	204
\N	f	217	dahra	211
\N	f	218	ouled abbes	207
\N	f	219	sendjas	201
\N	f	220	zeboudja	210
\N	f	221	oued sly	205
\N	f	222	abou el hassen	202
\N	f	223	el marsa	213
\N	f	224	chettia	208
\N	f	225	sidi abderrahmane	209
\N	f	226	moussadek	213
\N	f	227	el hadjadj	212
\N	f	228	labiod medjadja	208
\N	f	229	oued fodda	207
\N	f	230	ouled ben abdelkader	212
\N	f	231	bouzghaia	210
\N	f	232	ain merane	203
\N	f	233	oum drou	201
\N	f	234	breira	204
\N	f	235	beni bouateb	206
\N	f	301	laghouat	311
\N	f	302	ksar el hirane	309
\N	f	303	bennasser benchohra	309
\N	f	304	sidi makhlouf	311
\N	f	305	hisSm delaa	308
\N	f	306	hassi rmel	308
\N	f	307	AIN MADHI	302
\N	f	308	tadjemout	302
\N	f	309	kheneg	306
\N	f	310	gueltat sidi saad	303
\N	f	311	ain sidi ali	307
\N	f	312	beidha	303
\N	f	313	brida	304
\N	f	314	el ghicha	305
\N	f	315	hadj mechri	307
\N	f	316	sebgag	301
\N	f	317	taouiala	304
\N	f	318	tadjrouna	306
\N	f	319	aflou	301
\N	f	320	el assafia	311
\N	f	321	oued morra	310
\N	f	322	oued mzi	310
\N	f	323	el houaita	306
\N	f	324	sidi bouzid	301
\N	f	401	oum el bouaghi	401
\N	f	402	ain beida	403
\N	f	403	a├»n m'lila	406
\N	f	404	behir chergui	410
\N	f	405	el amiria	411
\N	f	406	sigus	411
\N	f	407	el belala	409
\N	f	408	ain babouche	402
\N	f	409	berriche	403
\N	f	410	ouled hamla	406
\N	f	411	dhala	407
\N	f	412	ain kercha	405
\N	f	413	hanchir toumghani	405
\N	f	414	el djazia	407
\N	f	415	ain diss	402
\N	f	416	f'kirina	408
\N	f	417	souk naamane	412
\N	f	418	zorg	403
\N	f	419	el fedjouz boughrara saoudi	404
\N	f	420	ouled zouai	412
\N	f	421	bir chouhada	412
\N	f	422	ksar sbahi	402
\N	f	423	oued nini	408
\N	f	424	meskiana	409
\N	f	425	a├»n fakroun	404
\N	f	426	rahia	410
\N	f	427	a├»n zitoun	401
\N	f	428	ouled gacem	406
\N	f	429	el harmilia	405
\N	f	501	batna	501
\N	f	502	ghassira	520
\N	f	503	maafa	503
\N	f	504	merouana	511
\N	f	505	seriana	516
\N	f	506	menaa	510
\N	f	507	el madher	508
\N	f	508	tazoult	517
\N	f	509	n'gaous	512
\N	f	510	guigba	514
\N	f	511	inoughissen	509
\N	f	512	ouyoun el assafir	517
\N	f	513	djerma	508
\N	f	514	bitam	505
\N	f	515	metkaouak	507
\N	f	516	arris	504
\N	f	517	kimmel	520
\N	f	518	tilatou	515
\N	f	519	ain djasser	502
\N	f	520	ouled sellam	514
\N	f	521	tigherghar	510
\N	f	522	ain yagout	508
\N	f	523	fesdis	501
\N	f	524	sefiane	512
\N	f	525	rahbat	514
\N	f	526	tighanimine	504
\N	f	527	lemsane	513
\N	f	528	ksar belezma	511
\N	f	529	seggana	515
\N	f	530	ichmoul	509
\N	f	531	foum toub	509
\N	f	532	beni foudhala el hakania	503
\N	f	533	oued el ma	511
\N	f	534	talkhamt	514
\N	f	535	bouzina	510
\N	f	536	chemora	506
\N	f	537	oued chaaba	501
\N	f	538	taxlent	513
\N	f	539	gosbat	514
\N	f	540	ouled aouf	503
\N	f	541	boumagueur	512
\N	f	542	barika	505
\N	f	543	djezzar	507
\N	f	544	tkoutt	520
\N	f	545	ain touta	503
\N	f	546	hidoussa	511
\N	f	547	teniet el abed	518
\N	f	548	oued taga	518
\N	f	549	ouled fadel	519
\N	f	550	timgad	519
\N	f	551	ras el aioun	514
\N	f	552	chir	518
\N	f	553	ouled si slimane	513
\N	f	554	zanet beida	516
\N	f	555	amdoukal	505
\N	f	556	ouled ammar	507
\N	f	557	el hassi	502
\N	f	558	lazrou	516
\N	f	559	boumia	508
\N	f	560	boulhilat	506
\N	f	561	larbaa	510
\N	f	601	bejaia	601
\N	f	602	amizour	604
\N	f	603	ferraoun	604
\N	f	604	taourirt ighil	602
\N	f	605	chellata	603
\N	f	606	tamokra	607
\N	f	607	timezrit	613
\N	f	608	souk el thenine	611
\N	f	609	m'cisna	609
\N	f	610	tinebdar	610
\N	f	611	tichi	605
\N	f	612	semaoun	604
\N	f	613	kendira	604
\N	f	614	tifra	610
\N	f	615	ighram	603
\N	f	616	amalou	609
\N	f	617	ighil ali	607
\N	f	618	fena├»a ilmaten	606
\N	f	619	toudja	606
\N	f	620	darguina	608
\N	f	621	sidi ayad	610
\N	f	622	aokas	605
\N	f	623	beni djellil	604
\N	f	624	adekar	602
\N	f	625	akbou	603
\N	f	626	seddouk	609
\N	f	627	tazmalt	612
\N	f	628	ait r'zine	607
\N	f	629	chemini	610
\N	f	630	souk oufella	610
\N	f	631	taskriout	608
\N	f	632	tibane	610
\N	f	633	tala hamza	601
\N	f	634	barbacha	604
\N	f	635	beni ksila	602
\N	f	636	ouzellaguen	603
\N	f	637	bou hamza	609
\N	f	638	beni  melikeche	612
\N	f	639	sidi aich	610
\N	f	640	el kseur	606
\N	f	641	melbou	611
\N	f	642	akfadou	610
\N	f	643	leflaye	610
\N	f	644	kherrata	608
\N	f	645	draa kaid	608
\N	f	646	tamridjet	611
\N	f	647	ait smail	608
\N	f	648	boukhelifa	601
\N	f	649	tizi n'berber	605
\N	f	650	beni maouche	609
\N	f	651	oued ghir	601
\N	f	652	boudjellil	612
\N	f	701	biskra	701
\N	f	702	oumache	702
\N	f	703	branis	703
\N	f	704	chetma	708
\N	f	711	sidi okba	708
\N	f	712	m'chouneche	708
\N	f	713	el haouch	708
\N	f	714	ain naga	708
\N	f	715	zeribet el oued	710
\N	f	716	el feidh	710
\N	f	717	el kantara	704
\N	f	718	ain zaatout	704
\N	f	719	el outaya	704
\N	f	720	djemorah	703
\N	f	721	tolga	709
\N	f	722	lioua	702
\N	f	723	lichana	709
\N	f	724	ourlal	702
\N	f	725	mlili	702
\N	f	726	foughala	705
\N	f	727	bordj ben azzouz	709
\N	f	728	meziraa	710
\N	f	729	bouchagroune	709
\N	f	730	mekhadma	702
\N	f	731	el ghrous	705
\N	f	732	el hadjeb	701
\N	f	733	khenguet sidi nadji	710
\N	f	801	bechar	801
\N	f	802	erg ferradj	802
\N	f	804	meridja	806
\N	f	806	lahmar	809
\N	f	809	mechraa houari boumediene	802
\N	f	810	kenadsa	806
\N	f	813	taghit	812
\N	f	815	boukais	809
\N	f	816	mougheul	809
\N	f	817	abadla	802
\N	f	821	beni ounif	804
\N	f	901	blida	901
\N	f	902	chebli	902
\N	f	903	bouinen	904
\N	f	904	oued alleug	910
\N	f	907	ouled yaich	911
\N	f	908	chrea	911
\N	f	910	el affroun	906
\N	f	911	chiffa	909
\N	f	912	hammam melouane	903
\N	f	913	ben kh├®llil	902
\N	f	914	soumaa	904
\N	f	916	mouzaia	909
\N	f	917	souhane	907
\N	f	918	meftah	908
\N	f	919	ouled selama	903
\N	f	920	boufarik	902
\N	f	921	larbaa	907
\N	f	922	oued djer	906
\N	f	923	beni tamou	910
\N	f	924	bouarfa	901
\N	f	925	beni mered	911
\N	f	926	bougara	903
\N	f	927	guerrouaou	904
\N	f	928	ain romana	909
\N	f	929	djebabra	908
\N	f	1001	bouira	1001
\N	f	1002	el asnam	1006
\N	f	1003	guerrouma	1011
\N	f	1004	souk el khemis	1013
\N	f	1005	kadiria	1010
\N	f	1006	hanif	1009
\N	f	1007	dirah	1005
\N	f	1008	ait laaziz	1001
\N	f	1009	taghzout	1008
\N	f	1010	raouraoua	1003
\N	f	1011	mezdour	1004
\N	f	1012	haizer	1008
\N	f	1013	lakhdaria	1011
\N	f	1014	maala	1011
\N	f	1015	el hachimia	1007
\N	f	1016	aomar	1010
\N	f	1017	chorfa	1012
\N	f	1018	bordj okhriss	1004
\N	f	1019	el adjiba	1009
\N	f	1020	el hakimia	1014
\N	f	1021	el khabouzia	1003
\N	f	1022	ahl el ksar	1006
\N	f	1023	bouderbala	1011
\N	f	1024	zbarbar	1011
\N	f	1025	ain el hadjar	1002
\N	f	1026	djebahia	1010
\N	f	1027	aghbalou	1012
\N	f	1028	taguedit	1004
\N	f	1029	ain turk	1001
\N	f	1030	saharidj	1012
\N	f	1031	dechmia	1014
\N	f	1032	ridane	1005
\N	f	1033	bechloul	1006
\N	f	1034	boukram	1011
\N	f	1035	ain bessam	1002
\N	f	1036	bir ghbalou	1003
\N	f	1037	m'chedallah	1012
\N	f	1038	sour el ghozlane	1014
\N	f	1039	maamora	1005
\N	f	1040	ouled rached	1006
\N	f	1041	ain laloui	1002
\N	f	1042	hadjera zerga	1005
\N	f	1043	taourirt ath mansour	1009
\N	f	1044	el mokrani	1013
\N	f	1045	oued el berdi	1007
\N	f	1101	tamanrasset	1101
\N	f	1102	abalessa	1101
\N	f	1105	idles	1105
\N	f	1106	tazrouk	1105
\N	f	1109	in amguel	1101
\N	f	1201	tebessa	1205
\N	f	1202	bir el ater	1201
\N	f	1203	cheria	1203
\N	f	1204	stah guentis	1207
\N	f	1205	el aouinet	1204
\N	f	1206	el houidjbet	1206
\N	f	1207	safsaf ouesra	1201
\N	f	1208	hammamet	1202
\N	f	1209	negrine	1209
\N	f	1210	bir el mokadem	1202
\N	f	1211	el kouif	1205
\N	f	1212	morsott	1208
\N	f	1213	el ogla	1207
\N	f	1214	bir dheheb	1208
\N	f	1215	el ogla el malha	1201
\N	f	1216	guorriguer	1202
\N	f	1217	bekkaria	1205
\N	f	1218	boukhadra	1204
\N	f	1219	ouenza	1210
\N	f	1220	el ma labiodh	1206
\N	f	1221	oum ali	1201
\N	f	1222	tlidjene	1203
\N	f	1223	ain zerga	1210
\N	f	1224	el meridj	1210
\N	f	1225	boulhaf dir	1208
\N	f	1226	bedjene	1207
\N	f	1227	el mezeraa	1207
\N	f	1228	ferkane	1209
\N	f	1301	tlemcen	1306
\N	f	1302	beni mester	1306
\N	f	1303	ain tallout	1301
\N	f	1304	remchi	1309
\N	f	1305	el fehoul	1309
\N	f	1306	sabra	1310
\N	f	1307	ghazaouet	1304
\N	f	1308	souani	1302
\N	f	1309	djebala	1307
\N	f	1310	el gor	1311
\N	f	1311	oued lakhdar	1308
\N	f	1312	ain fezza	1306
\N	f	1313	ouled mimoun	1308
\N	f	1314	amieur	1306
\N	f	1315	ain youcef	1309
\N	f	1316	zenata	1309
\N	f	1317	beni snous	1303
\N	f	1318	bab el assa	1302
\N	f	1319	dar yaghmouracene	1304
\N	f	1320	fellaoucene	1307
\N	f	1321	azails	1303
\N	f	1322	sebaa chioukh	1309
\N	f	1323	terny beni hdiel	1306
\N	f	1324	bensekrane	1308
\N	f	1325	ain nehala	1301
\N	f	1326	hennaya	1309
\N	f	1327	maghnia	1305
\N	f	1328	hammam boughrara	1305
\N	f	1329	souahlia	1304
\N	f	1330	msirda fouaga	1302
\N	f	1331	ain fetah	1307
\N	f	1332	el aricha	1311
\N	f	1333	souk tlata	1302
\N	f	1334	sidi abdelli	1308
\N	f	1335	sebdou	1311
\N	f	1336	jdni ouarsous	1309
\N	f	1337	sidi medjahed	1305
\N	f	1338	beni boussaid	1305
\N	f	1339	marsa ben m'hidi	1302
\N	f	1340	nedroma	1307
\N	f	1341	sidi djilali	1312
\N	f	1342	beni bahdel	1303
\N	f	1343	el bouihi	1312
\N	f	1344	honaine	1309
\N	f	1345	tienet	1304
\N	f	1346	ouled riyah	1309
\N	f	1347	bouhlou	1310
\N	f	1348	beni khellad	1309
\N	f	1349	ain ghoraba	1306
\N	f	1350	chetouane	1306
\N	f	1351	mansourah	1306
\N	f	1352	beni semiel	1308
\N	f	1353	ain kebira	1307
\N	f	1401	tiaret	1401
\N	f	1402	medroussa	1410
\N	f	1403	ain bouchekif	1404
\N	f	1404	sidi ali mellal	1412
\N	f	1405	ain dzarit	1408
\N	f	1406	ain deheb	1402
\N	f	1407	sidi bakhti	1410
\N	f	1408	medrissa	1403
\N	f	1409	zmalet el emir abdelkader	1407
\N	f	1410	madna	1403
\N	f	1411	sebt	1411
\N	f	1412	mellakou	1410
\N	f	1413	dahmouni	1404
\N	f	1414	rahouia	1413
\N	f	1415	mahdia	1408
\N	f	1416	sougueur	1414
\N	f	1417	si abdelghani	1414
\N	f	1418	ain el hadid	1405
\N	f	1419	djebilet rosfa	1403
\N	f	1420	naima	1402
\N	f	1421	meghila	1411
\N	f	1422	guertoufa	1413
\N	f	1423	sidi hosni	1411
\N	f	1424	djillali ben amar	1409
\N	f	1425	seba├»ne	1408
\N	f	1426	tousnina	1414
\N	f	1427	frenda	1405
\N	f	1428	ain kermes	1403
\N	f	1429	ksar chellala	1407
\N	f	1430	rechaiga	1406
\N	f	1431	nadorah	1408
\N	f	1432	tagdemt	1409
\N	f	1433	oued lilli	1412
\N	f	1434	mechraa safa	1409
\N	f	1435	hamadia	1406
\N	f	1436	chehaima	1402
\N	f	1437	takhemaret	1405
\N	f	1438	sidi abderrahmane	1403
\N	f	1439	serghine	1407
\N	f	1440	bougara	1406
\N	f	1441	faidja	1414
\N	f	1442	tidda	1412
\N	f	1501	tizi ouzou	1501
\N	f	1502	ain el hammam	1502
\N	f	1503	akbil	1502
\N	f	1504	freha	1511
\N	f	1505	souamaa	1515
\N	f	1506	mechtrass	1507
\N	f	1507	irdjen	1505
\N	f	1508	timizart	1511
\N	f	1509	makouda	1519
\N	f	1510	draa el mizan	1510
\N	f	1511	tizi ghenif	1520
\N	f	1512	bounouh	1507
\N	f	1513	a├»t chaf├óa	1504
\N	f	1514	frikat	1510
\N	f	1515	beni aissi	1505
\N	f	1516	beni zmenzer	1514
\N	f	1517	iferhounene	1512
\N	f	1518	azazga	1503
\N	f	1519	iloula oumalou	1508
\N	f	1520	yakouren	1503
\N	f	1521	larba nait irathen	1513
\N	f	1522	tizi rached	1505
\N	f	1523	zekri	1503
\N	f	1524	ouaguenoun	1518
\N	f	1525	ain zaouia	1510
\N	f	1526	m'kira	1520
\N	f	1527	ait yahia	1502
\N	f	1528	ait mahmoud	1505
\N	f	1529	maatkas	1514
\N	f	1530	a├»t boumahdi	1516
\N	f	1531	abi youcef	1502
\N	f	1532	beni douala	1505
\N	f	1533	illilten	1512
\N	f	1534	bouzguen	1508
\N	f	1535	ait aggouacha	1513
\N	f	1536	ouadhia	1517
\N	f	1537	azzefoun	1504
\N	f	1538	tigzirt	1519
\N	f	1539	djebel aissa mimoun	1518
\N	f	1540	boghni	1507
\N	f	1541	ifigha	1508
\N	f	1542	ait oumalou	1513
\N	f	1543	tirmitine	1514
\N	f	1544	akerrou	1503
\N	f	1545	yatafene	1506
\N	f	1546	beni ziki	1508
\N	f	1547	draa ben khedda	1509
\N	f	1548	ouacif	1516
\N	f	1549	idjeur	1508
\N	f	1550	mekla	1515
\N	f	1551	tizi n'thlata	1517
\N	f	1552	beni yenni	1506
\N	f	1553	aghrib	1511
\N	f	1554	iflissen	1519
\N	f	1555	boudjima	1519
\N	f	1556	ait yahia moussa	1520
\N	f	1557	souk el tenine	1514
\N	f	1558	ait khelili	1515
\N	f	1559	sidi naamane	1509
\N	f	1560	iboudraren	1506
\N	f	1561	agouni gueghrane	1517
\N	f	1562	mizrana	1519
\N	f	1563	imsouhal	1512
\N	f	1564	tadmait	1509
\N	f	1565	ait bouadou	1517
\N	f	1566	assi youcef	1507
\N	f	1567	ait toudert	1516
\N	f	1601	alger centre	1601
\N	f	1602	sidi m'hamed	1601
\N	f	1603	el madania	1601
\N	f	1604	belouizdad	1601
\N	f	1605	bab el oued	1601
\N	f	1606	bologhine	1601
\N	f	1607	casbah	1601
\N	f	1608	oued koriche	1601
\N	f	1609	bir mourad rais	1603
\N	f	1610	el biar	1601
\N	f	1611	bouzareah	1606
\N	f	1612	birkhadem	1603
\N	f	1613	el harrach	1610
\N	f	1614	baraki	1602
\N	f	1615	oued smar	1610
\N	f	1616	bourouba	1601
\N	f	1617	hussein dey	1601
\N	f	1618	kouba	1603
\N	f	1619	bachedjerah	1603
\N	f	1620	dar el beida	1608
\N	f	1621	bab ezzouar	1608
\N	f	1622	ben aknoun	1601
\N	f	1623	dely ibrahim	1607
\N	f	1624	hammamet	1607
\N	f	1625	rais hamidou	1601
\N	f	1626	djasr kasentina	1603
\N	f	1627	el mouradia	1601
\N	f	1628	hydra	1601
\N	f	1629	mohammadia	1605
\N	f	1630	bordj el kiffan	1605
\N	f	1631	el magharia	1601
\N	f	1632	beni messous	1606
\N	f	1633	les eucalyptus	1610
\N	f	1634	birtouta	1604
\N	f	1635	tessala el merdja	1604
\N	f	1636	ouled chebel	1604
\N	f	1637	sidi moussa	1602
\N	f	1638	ain taya	1601
\N	f	1639	bordj el bahri	1601
\N	f	1640	el marsa	1601
\N	f	1641	h'raoua	1601
\N	f	1642	rouiba	1612
\N	f	1643	reghaia	1611
\N	f	1644	ain benian	1607
\N	f	1645	staoueli	1613
\N	f	1646	zeralda	1613
\N	f	1647	iaxglma	1613
\N	f	1648	rahmania	1613
\N	f	1649	souidania	1613
\N	f	1650	cheraga	1607
\N	f	1651	ouled fayet	1607
\N	f	1652	el achour	1609
\N	f	1653	draria	1609
\N	f	1654	douera	1609
\N	f	1655	baba hassen	1609
\N	f	1656	khraicia	1609
\N	f	1657	saoula	1609
\N	f	1701	djelfa	1701
\N	f	1702	moudjebara	1702
\N	f	1703	el guedid	1705
\N	f	1704	hassi bahbah	1708
\N	f	1705	ain maabed	1708
\N	f	1706	sed rahal	1709
\N	f	1707	feidh el botma	1712
\N	f	1708	birine	1704
\N	f	1709	bouira lahdab	1711
\N	f	1710	zaccar	1702
\N	f	1711	el khemis	1710
\N	f	1712	sidi baizid	1706
\N	f	1713	mliliha	1706
\N	f	1714	el idrissia	1707
\N	f	1715	douis	1707
\N	f	1716	hassi el euch	1708
\N	f	1717	messaad	1709
\N	f	1718	guettara	1709
\N	f	1719	sidi ladjel	1710
\N	f	1720	had sahary	1711
\N	f	1721	guernini	1703
\N	f	1722	selmana	1709
\N	f	1723	ain chouhada	1707
\N	f	1724	oum laadham	1712
\N	f	1725	dar chioukh	1706
\N	f	1726	charef	1705
\N	f	1727	beni yacoub	1705
\N	f	1728	zaafrane	1708
\N	f	1729	deldoul	1709
\N	f	1730	ain el ibel	1702
\N	f	1731	ain oussera	1703
\N	f	1732	benhar	1704
\N	f	1733	hassi fedoul	1710
\N	f	1734	amourah	1712
\N	f	1735	ain feka	1711
\N	f	1736	tadmit	1702
\N	f	1801	jijel	1805
\N	f	1802	erraguene	1803
\N	f	1803	el aouana	1803
\N	f	1804	ziama mansouriah	1803
\N	f	1805	taher	1809
\N	f	1806	emir abdelkader	1805
\N	f	1807	chekfa	1801
\N	f	1808	chahna	1809
\N	f	1809	el milia	1804
\N	f	1810	sidi maarouf	1808
\N	f	1811	settara	1806
\N	f	1812	el ancer	1802
\N	f	1813	sidi abdelaziz	1807
\N	f	1814	kaous	1805
\N	f	1815	ghebala	1806
\N	f	1816	bouraoui belhadef	1802
\N	f	1817	djemila	1810
\N	f	1818	selma benziada	1803
\N	f	1819	boucif ouled askeur	1801
\N	f	1820	el kennar nouchfi	1807
\N	f	1821	ouled yahia khedrouche	1804
\N	f	1822	boudriaa ben yadjis	1810
\N	f	1823	kheiri oued adjoul	1802
\N	f	1824	texenna	1810
\N	f	1825	djemaa beni habibi	1807
\N	f	1826	bordj t'har	1801
\N	f	1827	ouled rabah	1808
\N	f	1828	oudjana	1809
\N	f	1901	setif	1902
\N	f	1902	ain el kebira	1904
\N	f	1903	beni aziz	1908
\N	f	1904	ouled si ahmed	1906
\N	f	1905	boutaleb	1903
\N	f	1906	ain roua	1913
\N	f	1907	draa kebila	1917
\N	f	1908	bir el arch	1911
\N	f	1909	beni chebana	1910
\N	f	1910	ouled tebben	1918
\N	f	1911	hamma	1903
\N	f	1912	maaouia	1908
\N	f	1913	ain legraj	1910
\N	f	1914	ain abessa	1901
\N	f	1915	dehamcha	1908
\N	f	1916	babor	1904
\N	f	1917	guidjel	1915
\N	f	1918	ain lahdjar	1905
\N	f	1919	bousselam	1912
\N	f	1920	el eulma	1914
\N	f	1921	djemila	1909
\N	f	1922	beni ouartilane	1910
\N	f	1923	rosfa	1918
\N	f	1924	ouled addouane	1904
\N	f	1925	belaa	1911
\N	f	1926	ain arnat	1902
\N	f	1927	amoucha	1907
\N	f	1928	ain oulmane	1906
\N	f	1929	beidha bordj	1903
\N	f	1930	bouandas	1912
\N	f	1931	bazer sakhra	1914
\N	f	1932	hammam soukhna	1916
\N	f	1933	mezloug	1902
\N	f	1934	bir haddada	1905
\N	f	1935	serdj el ghoul	1904
\N	f	1936	harbil	1917
\N	f	1937	el ouricia	1901
\N	f	1938	tizi n'bechar	1907
\N	f	1939	salah bey	1918
\N	f	1940	ain azal	1903
\N	f	1941	guenzet	1917
\N	f	1942	talaifacene	1912
\N	f	1943	bougaa	1913
\N	f	1944	beni fouda	1909
\N	f	1945	tachouda	1909
\N	f	1946	beni mouhli	1910
\N	f	1947	ouled sabor	1915
\N	f	1948	guellal	1915
\N	f	1949	ain sebt	1908
\N	f	1950	hammam guergour	1917
\N	f	1951	ait naoual mezada	1912
\N	f	1952	ksar el abtal	1906
\N	f	1953	beni hocine	1913
\N	f	1954	ait tizi	1912
\N	f	1955	maoklane	1913
\N	f	1956	guelta zerka	1914
\N	f	1957	oued el barad	1907
\N	f	1958	taya	1916
\N	f	1959	el ouldja	1911
\N	f	1960	tella	1916
\N	f	2001	saida	2001
\N	f	2002	doui thabet	2005
\N	f	2003	ain el hadjar	2001
\N	f	2004	ouled khaled	2004
\N	f	2005	moulay larbi	2001
\N	f	2006	youb	2005
\N	f	2007	hounet	2005
\N	f	2008	sidi amar	2004
\N	f	2009	sidi boubekeur	2004
\N	f	2010	el hassasna	2002
\N	f	2011	maamora	2002
\N	f	2012	sidi ahmed	2001
\N	f	2013	ain skhouna	2002
\N	f	2014	ouled brahim	2003
\N	f	2015	tircine	2003
\N	f	2016	ain soltane	2003
\N	f	2101	skikda	2101
\N	f	2102	ain zouit	2101
\N	f	2103	el hadaik	2107
\N	f	2104	azzaba	2104
\N	f	2105	djendel saadi mohamed	2104
\N	f	2106	a├»n charchar	2102
\N	f	2107	bekkouche lakhdar	2102
\N	f	2108	ben azzouz	2105
\N	f	2109	es sebt	2110
\N	f	2110	collo	2106
\N	f	2111	beni zid	2106
\N	f	2112	kerkera	2106
\N	f	2113	ouled attia	2111
\N	f	2114	oued zehour	2111
\N	f	2115	zitouna	2111
\N	f	2116	el harrouch	2108
\N	f	2117	zerdazas	2112
\N	f	2118	ouled hbaba	2112
\N	f	2119	sidi mezghiche	2115
\N	f	2120	emdjez edchich	2109
\N	f	2121	beni oulbane	2115
\N	f	2122	ain bouziane	2108
\N	f	2123	ramdane djamel	2113
\N	f	2124	beni bechir	2113
\N	f	2125	salah bouchaour	2114
\N	f	2126	tamalous	2116
\N	f	2127	ain kechra	2103
\N	f	2128	oum toub	2115
\N	f	2129	bin el ouiden	2116
\N	f	2130	filfila	2101
\N	f	2131	cheraia	2106
\N	f	2132	kanoua	2111
\N	f	2133	el ghedir	2110
\N	f	2134	bouchtata	2107
\N	f	2135	ouldja boulballout	2103
\N	f	2136	kheneg mayoum	2111
\N	f	2137	hamadi krouma	2113
\N	f	2138	el marsa	2105
\N	f	2201	sidi bel abbes	2201
\N	f	2202	tessala	2213
\N	f	2203	sidi brahim	2202
\N	f	2204	mostefa ben brahim	2201
\N	f	2205	telagh	2211
\N	f	2206	mezaourou	2211
\N	f	2207	boukhanafis	2209
\N	f	2208	sidi ali boussidi	2203
\N	f	2209	badredine el mokrani	2203
\N	f	2210	marhoum	2204
\N	f	2211	tafissour	2205
\N	f	2212	amarnas	2210
\N	f	2213	tilmouni	2201
\N	f	2214	sidi lahcene	2210
\N	f	2215	ain thrid	2213
\N	f	2216	makedra	2202
\N	f	2217	tenira	2212
\N	f	2218	moulay slissen	2206
\N	f	2219	el hacaiba	2206
\N	f	2220	hassi zehana	2203
\N	f	2221	tabia	2209
\N	f	2222	merine	2205
\N	f	2223	ras el ma	2207
\N	f	2224	a├»n tindamine	2206
\N	f	2225	ain kada	2203
\N	f	2226	m'cid	2208
\N	f	2227	sidi khaled	2210
\N	f	2228	ain el berd	2202
\N	f	2229	sfissef	2208
\N	f	2230	ain adden	2208
\N	f	2231	oued taourira	2205
\N	f	2232	dhaya	2211
\N	f	2233	zerouala	2201
\N	f	2234	lamtar	2203
\N	f	2235	sidi chaib	2204
\N	f	2236	sidi daho de zairs	2203
\N	f	2237	oued sebaa	2207
\N	f	2238	boudjebaa el bordj	2208
\N	f	2239	sehala thaoura	2213
\N	f	2240	sidi yacoub	2210
\N	f	2241	sidi hamadouche	2202
\N	f	2242	belarbi	2201
\N	f	2243	oued sefioun	2212
\N	f	2244	teghalimet	2211
\N	f	2245	ben badis	2203
\N	f	2246	sidi ali benyoub	2209
\N	f	2247	chetouane belaila	2203
\N	f	2248	bir el hammam	2204
\N	f	2249	taoudmout	2205
\N	f	2250	redjem demouche	2207
\N	f	2251	benachiba chelia	2212
\N	f	2252	hassi dahou	2212
\N	f	2301	annaba	2301
\N	f	2302	berrahal	2303
\N	f	2303	el hadjar	2305
\N	f	2304	el eulma	2306
\N	f	2305	el bouni	2301
\N	f	2306	oued el aneb	2303
\N	f	2307	cheurfa	2306
\N	f	2308	seraidi	2301
\N	f	2309	ain el berda	2302
\N	f	2310	chetaibi	2304
\N	f	2311	sidi amar	2305
\N	f	2312	treat	2303
\N	f	2401	guelma	2403
\N	f	2402	nechmaya	2403
\N	f	2403	bouati mahmoud	2403
\N	f	2404	oued zenati	2407
\N	f	2405	tamlouka	2401
\N	f	2406	oued fragha	2402
\N	f	2407	ain sandel	2406
\N	f	2408	ras el agba	2407
\N	f	2409	dahouara	2404
\N	f	2410	belkhir	2406
\N	f	2411	ben djarah	2403
\N	f	2412	bouhamdane	2405
\N	f	2413	ain makhlouf	2401
\N	f	2414	ain ben beida	2402
\N	f	2415	khezara	2406
\N	f	2416	beni mezline	2406
\N	f	2417	bou hachana	2406
\N	f	2418	guelaat bou sbaa	2403
\N	f	2419	hammam debagh	2405
\N	f	2420	el fedjoudj	2403
\N	f	2421	bordj sabat	2407
\N	f	2422	hammam nbail	2404
\N	f	2423	ain larbi	2401
\N	f	2424	medjez amar	2405
\N	f	2425	bouchegouf	2402
\N	f	2426	heliopolis	2403
\N	f	2427	ain hessania boumediene	2405
\N	f	2428	roknia	2405
\N	f	2429	sellaoua anouna	2405
\N	f	2430	medjez sfa	2402
\N	f	2431	boumahra ahmed	2406
\N	f	2432	ain reggada	2407
\N	f	2433	oued cheham	2404
\N	f	2434	djebala khemissi	2406
\N	f	2501	constantine	2501
\N	f	2502	hamma bouziane	2505
\N	f	2503	ibn badis	2502
\N	f	2504	zighoud youcef	2507
\N	f	2505	didouche mourad	2503
\N	f	2506	el khroub	2504
\N	f	2507	ain abid	2502
\N	f	2508	beni hamiden	2507
\N	f	2509	ouled rahmoune	2504
\N	f	2510	ain smara	2501
\N	f	2511	messaoud boudjriou	2506
\N	f	2512	ibn ziad	2506
\N	f	2601	medea	2617
\N	f	2602	ouzera	2612
\N	f	2603	ouled maaref	2601
\N	f	2604	ain boucif	2601
\N	f	2605	aissaouia	2616
\N	f	2606	ouled deide	2604
\N	f	2607	el omaria	2609
\N	f	2608	derrag	2602
\N	f	2609	el guelb el kebir	2607
\N	f	2610	bouaiche	2605
\N	f	2611	mezerana	2616
\N	f	2612	ouled brahim	2609
\N	f	2613	tizi mahdi	2612
\N	f	2614	sidi ziane	2615
\N	f	2615	tamesguida	2617
\N	f	2616	el hamdania	2612
\N	f	2617	kef lakhdar	2601
\N	f	2618	chellalet adhaoura	2606
\N	f	2619	bouskene	2603
\N	f	2620	rebaia	2604
\N	f	2621	bouchrahil	2618
\N	f	2622	ouled hellal	2619
\N	f	2623	tafraout	2606
\N	f	2624	baata	2609
\N	f	2625	boghar	2619
\N	f	2626	sidi naamane	2618
\N	f	2627	ouled bouachra	2614
\N	f	2628	sidi zahar	2615
\N	f	2629	oued harbil	2611
\N	f	2630	benchicao	2612
\N	f	2631	sidi damed	2601
\N	f	2632	aziz	2602
\N	f	2633	souagui	2615
\N	f	2634	zoubiria	2613
\N	f	2635	ksar el boukhari	2610
\N	f	2636	el azizia	2608
\N	f	2637	djouab	2615
\N	f	2638	chahbounia	2605
\N	f	2639	maghraoua	2608
\N	f	2640	cheniguel	2606
\N	f	2641	ain ouksir	2606
\N	f	2642	oum el djalil	2602
\N	f	2643	ouamri	2611
\N	f	2644	si mahdjoub	2614
\N	f	2645	tlatet eddouar	2613
\N	f	2646	beni slimane	2603
\N	f	2647	berrouaghia	2604
\N	f	2648	seghouane	2613
\N	f	2649	meftaha	2610
\N	f	2650	mihoub	2608
\N	f	2651	boughezoul	2605
\N	f	2652	tablat	2616
\N	f	2653	deux bassins	2616
\N	f	2654	draa essamar	2617
\N	f	2655	sidi errabia	2603
\N	f	2656	bir ben abed	2607
\N	f	2657	el ouinet	2601
\N	f	2658	ouled antar	2619
\N	f	2659	bouaichoune	2614
\N	f	2660	hannacha	2611
\N	f	2661	sedraia	2607
\N	f	2662	moudjbar	2613
\N	f	2663	khams djouamaa	2618
\N	f	2664	saneg	2610
\N	f	2701	mostaganem	2701
\N	f	2702	sayada	2708
\N	f	2703	fornaka	2703
\N	f	2704	stidia	2707
\N	f	2705	ain nouissy	2703
\N	f	2706	hassi mam├¿che	2707
\N	f	2707	ain tedles	2704
\N	f	2708	sour	2704
\N	f	2709	oued el khe├»r	2704
\N	f	2710	sidi belattar	2704
\N	f	2711	kheiredine	2708
\N	f	2712	sidi ali	2710
\N	f	2713	abdelmalek ramdane	2706
\N	f	2714	hadjadj	2706
\N	f	2715	nekmaria	2711
\N	f	2716	sidi lakhdar	2711
\N	f	2717	achaacha	2702
\N	f	2718	khadra	2702
\N	f	2719	bouguirat	2705
\N	f	2720	sirat	2705
\N	f	2721	ain sidi cherif	2709
\N	f	2722	mesra	2709
\N	f	2723	mansourah	2712
\N	f	2724	souaflia	2705
\N	f	2725	ouled boughalem	2702
\N	f	2726	ouled maallah	2710
\N	f	2727	mazagran	2707
\N	f	2728	ain boudinar	2708
\N	f	2729	tazgait	2711
\N	f	2730	safsaf	2705
\N	f	2731	touahria	2712
\N	f	2732	el hassiane	2703
\N	f	2801	msila	2801
\N	f	2802	maadid	2810
\N	f	2803	hammam dhalaa	2807
\N	f	2804	ouled derradj	2810
\N	f	2805	tarmount	2807
\N	f	2806	mtarfa	2810
\N	f	2807	khoubana	2808
\N	f	2808	m'cif	2808
\N	f	2809	chellal	2801
\N	f	2810	ouled madhi	2801
\N	f	2811	magra	2809
\N	f	2812	berhoum	2809
\N	f	2813	ain  khadra	2809
\N	f	2814	ouled addi guebala	2810
\N	f	2815	belaiba	2809
\N	f	2816	sidi aissa	2811
\N	f	2817	ain el hadjel	2802
\N	f	2818	sidi hadjeres	2802
\N	f	2819	ouanougha	2807
\N	f	2820	bou saada	2804
\N	f	2821	ouled sidi brahim	2804
\N	f	2822	sidi ameur	2804
\N	f	2823	tamsa	2804
\N	f	2824	ben srour	2805
\N	f	2825	ouled slimane	2805
\N	f	2826	el houamed	2808
\N	f	2827	el hamel	2804
\N	f	2828	ouled mansour	2807
\N	f	2829	maarif	2801
\N	f	2830	dehahna	2809
\N	f	2831	bouti sayah	2811
\N	f	2832	khettouti sed el djir	2801
\N	f	2833	zerzour	2805
\N	f	2834	mohammed boudiaf	2805
\N	f	2835	benzouh	2804
\N	f	2836	bir foda	2803
\N	f	2837	ain fares	2803
\N	f	2838	sidi m'hamed	2803
\N	f	2839	ouled attia	2806
\N	f	2840	souamaa	2810
\N	f	2841	ain el melh	2803
\N	f	2842	medjedel	2806
\N	f	2843	slim	2806
\N	f	2844	ain errich	2803
\N	f	2845	beni ilmane	2811
\N	f	2846	oultem	2804
\N	f	2847	djebel messaad	2806
\N	f	2901	mascara	2901
\N	f	2902	bou hanifia	2903
\N	f	2903	tizi	2901
\N	f	2904	hacine	2903
\N	f	2905	maoussa	2907
\N	f	2906	tighennif	2914
\N	f	2907	hachem	2912
\N	f	2908	sidi kada	2914
\N	f	2909	zelmata	2912
\N	f	2910	oued el abtal	2909
\N	f	2911	ain ferah	2909
\N	f	2912	ghriss	2906
\N	f	2913	froha	2906
\N	f	2914	matemore	2907
\N	f	2915	makdha	2906
\N	f	2916	sidi boussaid	2907
\N	f	2917	el bordj	2911
\N	f	2918	ain fekan	2910
\N	f	2919	benian	2902
\N	f	2920	khalouia	2911
\N	f	2921	el menaouer	2911
\N	f	2922	oued taria	2910
\N	f	2923	aouf	2902
\N	f	2924	ain fares	2901
\N	f	2925	a├»n fras	2910
\N	f	2926	sig	2913
\N	f	2927	oggaz	2913
\N	f	2928	ala├»mia	2913
\N	f	2929	el gaada	2915
\N	f	2930	zehana	2915
\N	f	2931	mohammadia	2908
\N	f	2932	sidi abdelmoumen	2908
\N	f	2933	ferraguig	2905
\N	f	2934	el ghomri	2905
\N	f	2935	sedjerara	2905
\N	f	2936	mocta douz	2904
\N	f	2937	bou henni	2904
\N	f	2938	el guettana	2903
\N	f	2939	el mamounia	2901
\N	f	2940	el keurt	2901
\N	f	2941	gharrous	2902
\N	f	2942	guerdjoum	2910
\N	f	2943	chorfa	2915
\N	f	2944	ras ain amirouche	2913
\N	f	2945	nesmoth	2912
\N	f	2946	sidi abdeldjebar	2914
\N	f	2947	sehailia	2914
\N	f	3001	ouargla	3001
\N	f	3002	ain beida	3006
\N	f	3003	n'goussa	3005
\N	f	3004	hassi messaoud	3003
\N	f	3005	rouissat	3001
\N	f	3011	sidi khouiled	3006
\N	f	3012	hassi ben abdellah	3006
\N	f	3021	el borma	3003
\N	f	3101	oran	3104
\N	f	3102	gdyel	3105
\N	f	3103	bir el djir	3104
\N	f	3104	hassi bounif	3105
\N	f	3105	es senia	3104
\N	f	3106	arzew	3102
\N	f	3107	bethioua	3102
\N	f	3108	mersat el hadjadj	3102
\N	f	3109	ain turk	3101
\N	f	3110	el an├ºor	3101
\N	f	3111	oued tlelat	3106
\N	f	3112	tafraoui	3106
\N	f	3113	sidi chami	3104
\N	f	3114	boufatis	3106
\N	f	3115	mers el kebir	3101
\N	f	3116	bousfer	3101
\N	f	3117	el karma	3104
\N	f	3118	el braya	3106
\N	f	3119	hassi ben okba	3105
\N	f	3120	ben freha	3105
\N	f	3121	hassi mefsoukh	3105
\N	f	3122	sidi ben yebka	3102
\N	f	3123	misserghin	3103
\N	f	3124	boutlelis	3103
\N	f	3125	ain kerma	3103
\N	f	3126	a├»n bya	3102
\N	f	3201	el bayadh	3201
\N	f	3202	rogassa	3210
\N	f	3203	stitten	3202
\N	f	3204	brezina	3205
\N	f	3205	ghassoul	3208
\N	f	3206	boualem	3202
\N	f	3207	el abiodh sidi cheikh	3209
\N	f	3208	ain el orak	3209
\N	f	3209	arbaouat	3209
\N	f	3210	bougtoub	3203
\N	f	3211	el kheiter	3203
\N	f	3212	kef el ahmar	3210
\N	f	3213	boussemghoun	3204
\N	f	3214	chellala	3206
\N	f	3215	krakda	3205
\N	f	3216	el bnoud	3209
\N	f	3217	cheguig	3210
\N	f	3218	sidi amar	3202
\N	f	3219	el mehara	3207
\N	f	3220	tousmouline	3203
\N	f	3221	sidi slimane	3202
\N	f	3222	sidi tifour	3202
\N	f	3301	illizi	3301
\N	f	3303	debdeb	3303
\N	f	3304	bordj omar driss	3303
\N	f	3306	in amenas	3303
\N	f	3401	bordj bou arreridj	3401
\N	f	3402	ras el oued	3409
\N	f	3403	bordj zemoura	3406
\N	f	3404	mansoura	3407
\N	f	3405	el m'hir	3407
\N	f	3406	ben daoud	3407
\N	f	3407	el achir	3401
\N	f	3408	ain taghrout	3402
\N	f	3409	bordj ghdir	3403
\N	f	3410	sidi embarek	3402
\N	f	3411	el hamadia	3405
\N	f	3412	belimour	3403
\N	f	3413	medjana	3408
\N	f	3414	teniet en nasr	3408
\N	f	3415	djaafra	3408
\N	f	3416	el main	3408
\N	f	3417	ouled brahim	3409
\N	f	3418	ouled dahmane	3406
\N	f	3419	hasnaoua	3406
\N	f	3420	khelil	3402
\N	f	3421	taglait	3403
\N	f	3422	ksour	3401
\N	f	3423	ouled sidi brahim	3407
\N	f	3424	tafreg	3408
\N	f	3425	colla	3408
\N	f	3426	tixter	3409
\N	f	3427	el ach	3405
\N	f	3428	el anceur	3401
\N	f	3429	tassameurt	3406
\N	f	3430	ain tesra	3409
\N	f	3431	bir kasdali	3402
\N	f	3432	ghilassa	3403
\N	f	3433	rabta	3405
\N	f	3434	haraza	3407
\N	f	3501	boumerdes	3501
\N	f	3502	boudouaou	3504
\N	f	3504	afir	3505
\N	f	3505	bordj mena├»el	3503
\N	f	3506	baghlia	3502
\N	f	3507	sidi daoud	3502
\N	f	3508	naciria	3508
\N	f	3509	djinet	3503
\N	f	3510	isser	3506
\N	f	3511	zemmouri	3510
\N	f	3512	si mustapha	3506
\N	f	3513	tidjelabine	3501
\N	f	3514	chabet el ameur	3506
\N	f	3515	thenia	3509
\N	f	3518	timezrit	3506
\N	f	3519	corso	3501
\N	f	3520	ouled moussa	3507
\N	f	3521	larbatache	3507
\N	f	3522	bouzegza keddara	3504
\N	f	3525	taourga	3502
\N	f	3526	ouled aissa	3508
\N	f	3527	ben choud	3505
\N	f	3528	dellys	3505
\N	f	3529	ammal	3509
\N	f	3530	beni amrane	3509
\N	f	3531	souk el had	3509
\N	f	3532	boudouaou el bahri	3504
\N	f	3533	ouled hedadj	3504
\N	f	3535	leghata	3510
\N	f	3536	hammedi	3507
\N	f	3537	khemis el khechna	3507
\N	f	3538	el kharrouba	3504
\N	f	3601	el tarf	3606
\N	f	3602	bouhadjar	3603
\N	f	3603	ben mhidi	3601
\N	f	3604	bougous	3606
\N	f	3605	el kala	3606
\N	f	3606	ain el assel	3606
\N	f	3607	el aioun	3606
\N	f	3608	bouteldja	3604
\N	f	3609	souarekh	3606
\N	f	3610	berrihane	3601
\N	f	3611	lac des oiseaux	3604
\N	f	3612	chefia	3604
\N	f	3613	drean	3605
\N	f	3614	chihani	3605
\N	f	3615	chebaita mokhtar	3605
\N	f	3616	besbes	3602
\N	f	3617	asfour	3602
\N	f	3618	echatt	3601
\N	f	3619	zerizer	3602
\N	f	3620	zitouna	3606
\N	f	3621	ain kerma	3603
\N	f	3622	oued zitoun	3603
\N	f	3623	hammam beni salah	3603
\N	f	3624	raml souk	3606
\N	f	3701	tindouf	3701
\N	f	3702	oum el assel	3701
\N	f	3801	tissemsilt	3801
\N	f	3802	bordj bou naama	3803
\N	f	3803	theniet el had	3808
\N	f	3804	lazharia	3807
\N	f	3805	beni chaib	3803
\N	f	3806	lardjem	3806
\N	f	3807	melaab	3806
\N	f	3808	sidi lantri	3806
\N	f	3809	bordj el emir abdelkader	3804
\N	f	3810	layoune	3805
\N	f	3811	khemisti	3805
\N	f	3812	ouled bessem	3801
\N	f	3813	ammari	3802
\N	f	3814	youssoufia	3804
\N	f	3815	sidi boutouchent	3808
\N	f	3816	larbaa	3807
\N	f	3817	maacem	3802
\N	f	3818	sidi abed	3802
\N	f	3819	tamalaht	3806
\N	f	3820	sidi slimane	3803
\N	f	3821	boucaid	3807
\N	f	3822	beni lahcene	3803
\N	f	3901	el oued	3901
\N	f	3902	robbah	3908
\N	f	3903	oued el alenda	3901
\N	f	3904	bayadha	3908
\N	f	3905	nakhla	3908
\N	f	3906	guemar	3905
\N	f	3907	kouinine	3901
\N	f	3908	reguiba	3907
\N	f	3909	hamraia	3907
\N	f	3910	taghzout	3905
\N	f	3911	debila	3902
\N	f	3912	hassani abdelkrim	3902
\N	f	3913	hassi khelifa	3906
\N	f	3914	taleb larbi	3909
\N	f	3915	douar el ma	3909
\N	f	3916	sidi aoun	3902
\N	f	3917	trifaoui	3906
\N	f	3918	magrane	3902
\N	f	3919	ben guecha	3909
\N	f	3920	ourmas	3905
\N	f	3925	el ogla	3908
\N	f	3926	mih ouansa	3901
\N	f	4001	khenchela	4005
\N	f	4002	m'toussa	4001
\N	f	4003	kais	4006
\N	f	4004	baghai	4005
\N	f	4005	el hamma	4005
\N	f	4006	ain touila	4001
\N	f	4007	taouzient	4006
\N	f	4008	bouhmama	4003
\N	f	4009	el oueldja	4004
\N	f	4010	remila	4006
\N	f	4011	chechar	4004
\N	f	4012	djellal	4004
\N	f	4013	babar	4002
\N	f	4014	tamza	4005
\N	f	4015	ensigha	4005
\N	f	4016	ouled rechache	4007
\N	f	4017	el mahmal	4007
\N	f	4018	msara	4003
\N	f	4019	yabous	4003
\N	f	4020	khirane	4004
\N	f	4021	chelia	4003
\N	f	4101	souk ahras	4101
\N	f	4102	sedrata	4108
\N	f	4103	hanancha	4101
\N	f	4104	mechroha	4101
\N	f	4105	ouled driss	4106
\N	f	4106	tiffech	4110
\N	f	4107	zaarouria	4109
\N	f	4108	taoura	4109
\N	f	4109	drea	4104
\N	f	4110	haddada	4103
\N	f	4111	khedara	4103
\N	f	4112	merahna	4105
\N	f	4113	ouled moumen	4103
\N	f	4114	bir bouhouche	4102
\N	f	4115	m'daourouch	4104
\N	f	4116	oum el adhaim	4107
\N	f	4117	ain zana	4106
\N	f	4118	ain soltane	4108
\N	f	4119	ouillen	4109
\N	f	4120	sidi fredj	4105
\N	f	4121	safel el ouiden	4102
\N	f	4122	ragouba	4110
\N	f	4123	khemissa	4108
\N	f	4124	oued keberit	4104
\N	f	4125	terraguelt	4107
\N	f	4126	zouabi	4102
\N	f	4201	tipaza	4201
\N	f	4202	menaceur	4209
\N	f	4203	larhat	4205
\N	f	4204	douaouda	4208
\N	f	4205	bourkika	4202
\N	f	4206	khemisti	4203
\N	f	4210	aghbal	4206
\N	f	4212	hadjout	4207
\N	f	4213	sidi amar	4209
\N	f	4214	gouraya	4206
\N	f	4215	nador	4209
\N	f	4216	chaiba	4208
\N	f	4217	ain tagourait	4203
\N	f	4222	cherchel	4204
\N	f	4223	damous	4205
\N	f	4224	merad	4207
\N	f	4225	fouka	4208
\N	f	4226	bou ismail	4203
\N	f	4227	ahmar el ain	4202
\N	f	4230	bouharoun	4203
\N	f	4232	sidi ghiles	4204
\N	f	4233	messelmoun	4206
\N	f	4234	sidi rached	4201
\N	f	4235	kolea	4208
\N	f	4236	attatba	4203
\N	f	4240	sidi semiane	4204
\N	f	4241	beni milleuk	4205
\N	f	4242	hadjeret ennous	4204
\N	f	4301	mila	4302
\N	f	4302	ferdjioua	4305
\N	f	4303	chelghoum laid	4304
\N	f	4304	oued athmania	4307
\N	f	4305	ain mellouk	4307
\N	f	4306	teleghma	4313
\N	f	4307	oued seguen	4313
\N	f	4308	tadjenanet	4311
\N	f	4309	benyahia abderrahmane	4311
\N	f	4310	oued endja	4308
\N	f	4311	ahmed rachedi	4308
\N	f	4312	ouled khalouf	4311
\N	f	4313	tiberguent	4309
\N	f	4314	bouhatem	4303
\N	f	4315	rouached	4309
\N	f	4316	tessala lemta├»	4314
\N	f	4317	grarem gouga	4306
\N	f	4318	sidi merouane	4310
\N	f	4319	tassadane haddada	4312
\N	f	4320	derrahi bousselah	4303
\N	f	4321	minar zarza	4312
\N	f	4322	amira arras	4314
\N	f	4323	terrai bainnane	4314
\N	f	4324	hamala	4306
\N	f	4325	ain tine	4302
\N	f	4326	el mechira	4313
\N	f	4327	sidi khelifa	4302
\N	f	4328	zeghaia	4308
\N	f	4329	el ayadi barbes	4301
\N	f	4330	ain beida harriche	4301
\N	f	4331	yahia beni guecha	4305
\N	f	4332	chigara	4310
\N	f	4401	ain defla	4401
\N	f	4402	miliana	4413
\N	f	4403	boumedfaa	4405
\N	f	4404	khemis miliana	4412
\N	f	4405	hammam righa	4411
\N	f	4406	arib	4409
\N	f	4407	djelida	4406
\N	f	4408	el amra	4409
\N	f	4409	bourached	4406
\N	f	4410	el attaf	4410
\N	f	4411	el abadia	4408
\N	f	4412	djendel	4407
\N	f	4413	oued chorfa	4407
\N	f	4414	ain lechiakh	4402
\N	f	4415	oued djemaa	4402
\N	f	4416	rouina	4414
\N	f	4417	zeddine	4414
\N	f	4418	el hassania	4403
\N	f	4419	bir ouled khelifa	4404
\N	f	4420	ain soltane	4402
\N	f	4421	tarik ibn ziad	4404
\N	f	4422	bordj emir khaled	4404
\N	f	4423	ain torki	4411
\N	f	4424	sidi lakhdar	4412
\N	f	4425	ben allal	4413
\N	f	4426	ain benian	4411
\N	f	4427	hoceinia	4405
\N	f	4428	birbouche	4407
\N	f	4429	djemaa ouled cheikh	4406
\N	f	4430	mekhatria	4409
\N	f	4431	bathia	4403
\N	f	4432	tacheta zegagha	4408
\N	f	4433	ain bouyahia	4408
\N	f	4434	el maine	4414
\N	f	4435	tiberkanine	4410
\N	f	4436	belaas	4403
\N	f	4501	naama	4505
\N	f	4502	mecheria	4505
\N	f	4503	ain sefra	4502
\N	f	4504	tiout	4502
\N	f	4505	sfissifa	4507
\N	f	4506	moghrar	4506
\N	f	4507	asla	4503
\N	f	4508	djeniene bourezg	4506
\N	f	4509	ain ben khelil	4501
\N	f	4510	mekmene ben amar	4504
\N	f	4511	kasdir	4504
\N	f	4512	el biod	4505
\N	f	4601	ain temouchent	4601
\N	f	4602	chaabet el ham	4606
\N	f	4603	ain kihal	4603
\N	f	4604	hammam bouhadjar	4610
\N	f	4605	bouzedjar	4607
\N	f	4606	oued berkeche	4609
\N	f	4607	aghlal	4603
\N	f	4608	terga	4613
\N	f	4609	ain el arbaa	4602
\N	f	4610	tamzoura	4611
\N	f	4611	chentouf	4610
\N	f	4612	sidi ben adda	4604
\N	f	4613	aoubellil	4603
\N	f	4614	el malah	4608
\N	f	4615	sidi boumediene	4602
\N	f	4616	oued sabah	4611
\N	f	4617	ouled boudjemaa	4613
\N	f	4618	ain tolba	4604
\N	f	4619	el amria	4607
\N	f	4620	hassi el ghella	4608
\N	f	4621	el hassasna	4609
\N	f	4622	ouled kihal	4606
\N	f	4623	beni saf	4605
\N	f	4624	sidi safi	4605
\N	f	4625	oulhaca gheraba	4612
\N	f	4626	tadmaya	4612
\N	f	4627	el emir abdelkader	4605
\N	f	4628	el messaid	4607
\N	f	4701	ghardaia	4701
\N	f	4703	dhayet bendhahoua	4704
\N	f	4704	berriane	4702
\N	f	4705	metlili	4708
\N	f	4706	el guerrara	4705
\N	f	4707	el atteuf	4703
\N	f	4708	zelfana	4709
\N	f	4709	sebseb	4708
\N	f	4710	bounoura	4703
\N	f	4713	mansoura	4707
\N	f	4801	relizane	4801
\N	f	4802	oued rhiou	4810
\N	f	4803	belassel bouzegza	4804
\N	f	4804	sidi saada	4812
\N	f	4805	ouled aiche	4803
\N	f	4806	sidi lazreg	4809
\N	f	4807	el hamadna	4805
\N	f	4808	sidi m'hamed ben ali	4808
\N	f	4809	mediouna	4808
\N	f	4810	sidi khetab	4804
\N	f	4811	ammi moussa	4803
\N	f	4812	zemmoura	4813
\N	f	4813	beni dergoun	4813
\N	f	4814	djdiouia	4805
\N	f	4815	el guettar	4807
\N	f	4816	hamri	4805
\N	f	4817	el matmar	4806
\N	f	4818	sidi m'hamed benaouda	4801
\N	f	4819	ain tarek	4802
\N	f	4820	oued essalem	4809
\N	f	4821	ouarizane	4810
\N	f	4822	mazouna	4807
\N	f	4823	kalaa	4812
\N	f	4824	ain rahma	4806
\N	f	4825	yellel	4812
\N	f	4826	oued el djemaa	4801
\N	f	4827	ramka	4811
\N	f	4828	mendes	4809
\N	f	4829	lahlef	4810
\N	f	4830	beni zentis	4808
\N	f	4831	souk el had	4811
\N	f	4832	dar ben abdellah	4813
\N	f	4833	el hassi	4803
\N	f	4834	had echkalla	4802
\N	f	4835	bendaoud	4806
\N	f	4836	el ouldja	4811
\N	f	4837	merdja sidi abed	4810
\N	f	4838	ouled sidi mihoub	4805
\N	f	4901	timimoun	4901
\N	f	4902	charouine	4901
\N	f	4903	ksar keddour	4901
\N	f	4904	ouled said	4901
\N	f	4905	tinerkouk	4901
\N	f	4906	deldoul	4901
\N	f	4907	metarfa	4901
\N	f	4908	aougrout	4901
\N	f	4909	talmine	4901
\N	f	4910	ouled aissa	4901
\N	f	5001	bordj badji mokhtar	5001
\N	f	5002	timiaouine	5001
\N	f	5101	ouled djellal	5101
\N	f	5102	ras el miaad	5102
\N	f	5103	besbes	5102
\N	f	5104	sidi khaled	5102
\N	f	5105	doucen	5101
\N	f	5106	chaiba	5101
\N	f	5201	beni abbes	5201
\N	f	5202	ouled khodeir	5205
\N	f	5203	timoudi	5203
\N	f	5204	beni ikhlef	5204
\N	f	5205	igli	5202
\N	f	5206	tabelbala	5206
\N	f	5207	el ouata	5204
\N	f	5208	kerzaz	5203
\N	f	5209	ksabi	5205
\N	f	5210	tamtert	5201
\N	f	5301	in salah	5301
\N	f	5302	in ghar	5302
\N	f	5303	foggaret ezzaouia	5301
\N	f	5401	in guezzam	5401
\N	f	5402	tin zaouatine	5402
\N	f	5501	touggourt	5501
\N	f	5502	blidet amor	5505
\N	f	5503	tebesbest	5501
\N	f	5504	nezla	5501
\N	f	5505	zaouia el abidia	5501
\N	f	5506	sidi slimane	5503
\N	f	5507	el hadjira	5502
\N	f	5508	taibet	5504
\N	f	5509	tamacine	5505
\N	f	5510	benaceur	5504
\N	f	5511	m'naguer	5504
\N	f	5512	megarine	5503
\N	f	5513	el allia	5502
\N	f	5601	djanet	5601
\N	f	5602	bordj el haouasse	5601
\N	f	5701	el m'ghair	5701
\N	f	5702	still	5701
\N	f	5703	m├órara	5702
\N	f	5704	sidi khelil	5701
\N	f	5705	tendla	5702
\N	f	5706	djamaa	5702
\N	f	5707	oum touyour	5701
\N	f	5708	sidi amrane	5702
\N	f	5801	el meniaa	5801
\N	f	5802	hassi fehal	5801
\N	f	5803	hassi gara	5801
\.


--
-- Data for Name: api_customuser; Type: TABLE DATA; Schema: public; Owner: postgres
--

COPY public.api_customuser (id, password, last_login, deleted, deleted_by_cascade, nom, prenom, email, "phoneNum", "createDate", is_staff, is_active, is_superuser, role_id) FROM stdin;
1	pbkdf2_sha256$870000$7ELnYa0k1ead0AZYOeifD2$aoQITEMEVgOf6BX5qIcmcA4smN0FSXqAWq1EDlzE+vI=	\N	\N	f	admin	admin	admin@gmail.com	123654	2025-07-31 15:16:19.203769+01	t	t	t	1
2	pbkdf2_sha256$870000$snjAybAsiWzKs3yr5RwBI2$06KA+OpFBJxU1seNsV67sLPdl9C5mWjE5FfRiq9ppiM=	\N	\N	f	user1	user1	user1@gmail.com	232656	2025-07-31 15:54:06.862397+01	t	t	f	3
3	pbkdf2_sha256$870000$WM0y3erkzhkwk6Ss4bosHL$jGEC9XqSlZdOBsG+VK6fe5O8ZBOlxz4eJumycD0e/O8=	\N	\N	f	user2	user2	user2@gmail.com	245651	2025-07-31 15:54:58.268866+01	t	t	f	4
4	pbkdf2_sha256$870000$hGnRp6krbzP0ISanTBFjnl$GIngapb1M7tEU3u3SMuOk5yDRUyUmA5XLGdW08SKFys=	\N	\N	f	user3	user3	user3@gmail.com	23645	2025-07-31 15:56:24.116238+01	t	t	f	4
5	pbkdf2_sha256$870000$O5wVR0DRQMCRMGYs17P9eu$Aj+milrGJINPi17mqHg7tA7S1ogSSE8XXrhKo6rt15Y=	\N	\N	f	user4	user4	user4@gmail.com	2656	2025-07-31 15:57:04.148167+01	t	t	f	2
\.


--
-- Data for Name: api_customuser_groups; Type: TABLE DATA; Schema: public; Owner: postgres
--

COPY public.api_customuser_groups (id, customuser_id, group_id) FROM stdin;
\.


--
-- Data for Name: api_customuser_user_permissions; Type: TABLE DATA; Schema: public; Owner: postgres
--

COPY public.api_customuser_user_permissions (id, customuser_id, permission_id) FROM stdin;
\.


--
-- Data for Name: api_espece; Type: TABLE DATA; Schema: public; Owner: postgres
--

COPY public.api_espece (deleted, deleted_by_cascade, id, nom) FROM stdin;
\N	f	1	Pois chiche
\N	f	2	Pois sec
\N	f	3	Harricot
\N	f	4	Lentille
\N	f	5	Fevrolle
\.


--
-- Data for Name: api_exploitation; Type: TABLE DATA; Schema: public; Owner: postgres
--

COPY public.api_exploitation (deleted, deleted_by_cascade, id, nom, lieu, superficie, situation, longtitude, latitude, agriculteur_id, commune_id) FROM stdin;
\N	f	1	explo_1	lieu_35	19415	prive_individu	32.89	28.86	1	319
\N	f	2	explo_2	lieu_30	43238.47	location	33.42	22.26	1	1603
\N	f	3	explo_3	lieu_68	27514.89	prive_individu	6.88	21.03	3	1603
\N	f	4	explo_4	lieu_62	23801.57	location	5.69	28.99	3	1603
\N	f	5	explo_5	lieu_17	12585.01	prive_individu	34.6	23.92	2	1603
\N	f	6	explo_6	lieu_41	32365.57	prive_individu	15.41	27.26	1	1603
\N	f	7	explo_7	lieu_95	25609.1	prive_individu	16.55	28.21	2	319
\N	f	8	explo_8	lieu_98	6150.03	prive_individu	15.65	29.38	3	319
\N	f	9	explo_9	lieu_24	40249.29	location	13.02	34.25	1	1603
\N	f	10	explo_10	lieu_71	24004.9	prive_individu	10.7	15.3	1	319
\N	f	11	explo_11	lieu_3	26951.28	location	22.05	35.67	3	1603
\N	f	12	explo_12	lieu_69	15193.26	prive_individu	11.33	25.54	1	1603
\N	f	13	explo_13	lieu_62	46251.26	location	12.52	22.42	3	1603
\N	f	14	explo_14	lieu_90	2269.88	location	21.58	25.71	2	319
\N	f	15	explo_15	lieu_64	17699.17	prive_individu	18.03	16.73	2	1603
\N	f	16	explo_16	lieu_28	32720.96	location	8.29	24.07	3	1603
\N	f	17	explo_17	lieu_66	10524.87	prive_individu	27.15	23.83	2	1603
\N	f	18	explo_18	lieu_19	12284.87	location	21.21	20.31	1	319
\N	f	19	explo_19	lieu_73	16451.36	location	15.76	32.12	3	319
\N	f	20	explo_20	lieu_20	38764.49	prive_individu	6.6	35	3	319
\N	f	100	extra_explo_100	lieu_925	2138.09	prive_individu	23.51	20.69	11	504
\N	f	101	extra_explo_101	lieu_361	9434.8	prive_individu	32.85	34.19	11	505
\N	f	102	extra_explo_102	lieu_703	2306.82	location	25.53	24.56	10	504
\.


--
-- Data for Name: api_objectif; Type: TABLE DATA; Schema: public; Owner: postgres
--

COPY public.api_objectif (deleted, deleted_by_cascade, annee, id, objectif_production, espece_id, wilaya_id) FROM stdin;
\N	f	2022	1	122029.53	3	7
\N	f	2017	2	53164.68	3	16
\N	f	2019	3	116757.01	1	9
\N	f	2022	4	137903.67	4	9
\N	f	2025	5	137242.52	3	10
\N	f	2023	6	120004.97	2	16
\N	f	2016	7	103409.24	4	16
\N	f	2021	8	119124.37	3	7
\N	f	2022	9	75705.2	2	9
\N	f	2021	10	101609.96	2	7
\N	f	2023	11	120461.02	4	10
\N	f	2021	12	112151.13	3	9
\N	f	2019	13	98512.83	4	16
\N	f	2023	14	134368.19	1	7
\N	f	2025	15	136003.89	4	10
\N	f	2019	16	143971.38	2	9
\N	f	2016	17	126915.04	2	16
\N	f	2017	18	141939.55	5	16
\N	f	2017	19	137433.1	1	16
\N	f	2024	20	51635.71	2	10
\N	f	2019	21	121854.77	1	7
\N	f	2020	22	54405.31	3	10
\N	f	2023	23	94152.02	3	9
\N	f	2018	24	122932.66	2	9
\N	f	2019	25	99970.57	5	16
\N	f	2019	26	64712.49	2	7
\N	f	2022	27	98551.08	5	16
\N	f	2020	28	135755.08	4	7
\N	f	2017	29	129653.02	3	10
\N	f	2019	30	85908.98	2	10
\N	f	2017	200	105997.1	4	4
\N	f	2018	201	79634.29	2	17
\N	f	2017	202	86832.57	2	17
\N	f	2024	203	85748.52	1	2
\N	f	2022	204	83798.74	5	8
\.


--
-- Data for Name: api_parcelle; Type: TABLE DATA; Schema: public; Owner: postgres
--

COPY public.api_parcelle (deleted, deleted_by_cascade, annee, id, date_creation, superficie, sup_labouree, sup_emblavee, sup_sinsitree, sup_recoltee, sup_deserbee, prev_de_production, production, engrais_de_fond, engrais_de_couverture, espece_id, exploitation_id) FROM stdin;
\N	f	2021	1	2021-12-08 01:00:00+01	14054.29	1342.78	1698.4	434.84	591.69	2320.81	7309.06	2755.87	883.27	1004.38	2	1
\N	f	2019	2	2019-01-08 01:00:00+01	9187.5	2171.16	3184.7	2081.09	2198.45	1676.42	4656.41	1053.34	2202.33	1326.71	1	1
\N	f	2020	3	2020-02-22 01:00:00+01	10649.5	3900.8	4612.93	415.38	4449.17	2564.99	8378.93	5100.42	2339.55	2941.06	2	2
\N	f	2016	4	2016-02-10 01:00:00+01	6413	4611.72	1003.85	4318.88	2530.8	4773.54	8136.98	8627.84	2875.04	1500.31	1	3
\N	f	2017	5	2017-06-23 01:00:00+01	13363.89	3579.7	1673.25	1775.16	2860.53	4927.48	7621.34	7517.8	890.22	1564.54	4	3
\N	f	2023	6	2023-05-27 01:00:00+01	3588.72	245.16	4620.28	1311.61	4115.07	3517.16	7661.51	7870.59	2312.38	819.87	2	3
\N	f	2023	7	2023-10-02 01:00:00+01	4356.56	4973.56	4924.42	1136.9	1501.39	2670.59	3207.53	2903.22	2794.51	1340.12	3	4
\N	f	2021	8	2021-06-12 01:00:00+01	4789.51	2995.93	2884.82	315.16	4319.27	4799.47	9575.29	6961.45	2880.82	1379.29	4	5
\N	f	2025	9	2025-07-09 01:00:00+01	11274.79	4668.93	4790.29	1071.97	4690.7	2574.36	2323.3	5102.04	2592.17	1631.04	5	5
\N	f	2022	10	2022-11-19 01:00:00+01	5557.8	4689.09	1623.83	3612.78	2048.26	2589.07	3566.6	8556.76	781.06	2713.76	3	6
\N	f	2023	11	2023-12-06 01:00:00+01	17083.19	462.76	923.5	4933.62	1490.4	2391.05	1783.06	6208.39	2811.92	1004.38	1	7
\N	f	2017	12	2017-04-21 01:00:00+01	13125.98	3278.18	113.82	3573.38	1079.36	484.84	2990.05	1478	1888.23	747.09	5	7
\N	f	2016	13	2016-04-12 01:00:00+01	9936.99	4413.22	240.29	4537.58	4181.2	4692.35	8276.13	4229.15	1837.96	1423.75	1	8
\N	f	2021	14	2021-07-19 01:00:00+01	17025.78	3595.82	622.62	107.84	3112.79	4670.13	5576.66	1225.35	544.53	1953.45	2	9
\N	f	2025	15	2025-01-09 01:00:00+01	2671.44	1964.51	1528.94	1813.34	2611.83	1396.64	5533.11	1237.45	2499.57	1264.42	3	9
\N	f	2016	16	2016-02-22 01:00:00+01	1134.47	4511.85	2161.44	1314.99	4855.47	2304.67	652.92	1977.44	1523.03	1700.29	3	10
\N	f	2016	17	2016-02-11 01:00:00+01	2351.82	3445.83	4368.97	3006.77	1270.68	2899.28	6478.47	8107.34	1967.62	1470.69	4	10
\N	f	2025	18	2025-09-09 01:00:00+01	8537.05	2365.66	1402.44	408.94	2851.98	1920.94	6145.26	719.04	2947.64	2212.8	5	10
\N	f	2021	19	2021-08-23 01:00:00+01	14873.54	3551.38	4128.78	2685.1	553.38	3609.97	1333.01	8564.49	1211.07	1221.91	4	11
\N	f	2021	20	2021-10-08 01:00:00+01	14717.96	4592.34	3852.58	1237.54	1035.7	1158.43	871.93	9822.51	1179.42	2066.79	5	12
\N	f	2025	21	2025-05-22 01:00:00+01	11645.15	4449.12	979.51	157.69	2252.71	4266.21	1548.48	1543.02	2969.18	2823.66	2	12
\N	f	2017	22	2017-04-13 01:00:00+01	18334.43	1277.56	2469.14	377.26	4676.23	2605.68	5065.96	5957.48	2801.77	2300.49	5	13
\N	f	2017	23	2017-08-05 01:00:00+01	12344	3986.76	1744.64	2797.25	382.85	3185.09	8695.52	2793.8	501.12	1806.44	3	13
\N	f	2024	24	2024-11-08 01:00:00+01	13739.53	529.96	1365.46	4192.98	1812.47	4853.86	4484.89	7489.97	510.85	2568.12	1	14
\N	f	2023	25	2023-03-04 01:00:00+01	6469.19	1882.76	316.27	3641.52	1047.74	1287.18	558.29	5069.76	2539.23	832.86	2	14
\N	f	2020	26	2020-04-18 01:00:00+01	12492.71	2674.81	4915.17	4159.31	1285.18	3883.16	2566.73	4362.93	1435.21	1159.71	5	14
\N	f	2022	27	2022-01-10 01:00:00+01	14043.04	237.48	1942.04	2119.19	3054.37	1343.54	6338.37	5565.23	730.65	2824.46	2	15
\N	f	2018	28	2018-02-02 01:00:00+01	7973.71	961.6	1025.37	2864.76	814.3	4923.5	6682.94	7609.17	1485.08	586.45	3	16
\N	f	2021	29	2021-10-01 01:00:00+01	9935.12	1029.36	1531.26	3930.18	4073.03	567.18	9548.2	6052.18	1572.4	2485.07	1	17
\N	f	2018	30	2018-01-07 01:00:00+01	13709.65	1541.02	4555.95	3551.61	3941.2	4030.74	8424.96	565.79	553.8	2870.23	1	17
\N	f	2020	31	2020-03-26 01:00:00+01	11846.01	4282.82	1697.42	4811.78	759.06	3296.47	9902.55	2141.6	2289.82	2790.7	4	18
\N	f	2019	32	2019-04-17 01:00:00+01	16891.44	3111.55	1826.74	3645.78	231.63	1723.23	3906.08	7067.3	1117.14	1074.48	2	18
\N	f	2017	33	2017-06-27 01:00:00+01	11611.82	407.1	2386.69	3061.71	773.04	1483.6	2985.41	9889.88	2065.84	615.79	1	18
\N	f	2017	34	2017-12-18 01:00:00+01	3229.22	2271.22	3793.81	990.71	144.9	446.29	3884.12	5107.24	1531.27	917.72	3	19
\N	f	2021	35	2021-03-27 01:00:00+01	3389.41	625.66	4925.19	909.96	3860.6	1769.43	7342.98	7597.29	2341.58	2158.17	1	19
\N	f	2019	36	2019-11-07 01:00:00+01	12506.02	181.5	4427.48	3058.99	362.39	1302.13	6381.8	7349.27	1732.33	558.48	2	19
\N	f	2023	37	2023-04-21 01:00:00+01	10297.44	4257.19	2179.75	393.75	2670.64	2655.99	4148.66	2806.04	2778.46	1208.64	2	20
\N	f	2018	150	2018-07-16 01:00:00+01	8026.54	2258.5	1356.88	1015.99	2910.9	1917.96	3120.54	1844.71	367.95	1014.9	4	100
\N	f	2017	151	2017-12-23 01:00:00+01	3953.87	1772.38	2241.2	1950.06	1029.11	708.62	1409.47	1642.55	449.61	854.07	1	101
\N	f	2022	152	2022-07-16 01:00:00+01	2160.52	2622.82	1540.31	2412.47	639.93	163.63	1954.49	2823.51	355.48	825.68	4	102
\.


--
-- Data for Name: api_permissions; Type: TABLE DATA; Schema: public; Owner: postgres
--

COPY public.api_permissions (id, deleted, deleted_by_cascade, model, "create", retrieve, update, destroy, user_id) FROM stdin;
1	\N	f	Agriculteur	t	t	t	t	2
2	\N	f	Exploitation	t	t	t	t	2
3	\N	f	Objectif	t	t	t	t	2
4	\N	f	Utilisateur	t	t	t	t	2
5	\N	f	Agriculteur	t	t	t	t	3
6	\N	f	Exploitation	t	t	t	t	3
7	\N	f	Objectif	t	t	t	t	3
8	\N	f	Utilisateur	t	t	t	t	3
9	\N	f	Agriculteur	t	t	t	t	4
10	\N	f	Exploitation	t	t	t	t	4
11	\N	f	Objectif	t	t	t	t	4
12	\N	f	Utilisateur	f	f	f	f	4
13	\N	f	Agriculteur	t	t	t	t	5
14	\N	f	Exploitation	t	t	t	t	5
15	\N	f	Objectif	f	f	f	f	5
16	\N	f	Utilisateur	f	f	f	f	5
\.


--
-- Data for Name: api_role; Type: TABLE DATA; Schema: public; Owner: postgres
--

COPY public.api_role (deleted, deleted_by_cascade, id, nom) FROM stdin;
\N	f	1	admin
\N	f	2	agent_central
\N	f	3	agent_dsa
\N	f	4	agent_subdivision
\.


--
-- Data for Name: api_subdivision; Type: TABLE DATA; Schema: public; Owner: postgres
--

COPY public.api_subdivision (deleted, deleted_by_cascade, id, nom, wilaya_id) FROM stdin;
\N	f	101	ADRAR	1
\N	f	103	AOULEF	1
\N	f	105	FENOUGHIL	1
\N	f	106	REGGANE	1
\N	f	201	CHLEF	2
\N	f	202	ABOU EL HASSEN	2
\N	f	203	AIN MERANE	2
\N	f	204	BENI HAOUA	2
\N	f	205	BOUKADIR	2
\N	f	206	EN KARIMIA	2
\N	f	207	OUED FODDA	2
\N	f	208	OULED FARES	2
\N	f	209	TENES	2
\N	f	210	ZEBOUDJA	2
\N	f	211	TAOUGRIT	2
\N	f	212	OULED BEN AEK	2
\N	f	213	EL MARSA	2
\N	f	301	AFLOU	3
\N	f	302	AIN MADHI	3
\N	f	303	BEIDHA	3
\N	f	304	BRIDA	3
\N	f	305	EL GUICHA	3
\N	f	306	EL HOUITA	3
\N	f	307	HADJ MECHERI	3
\N	f	308	HASSI RMEL	3
\N	f	309	KSAR EL HIRANE	3
\N	f	310	OUED MORRA	3
\N	f	311	SIDI MAKHLOUF	3
\N	f	401	OUM EL BOUAGHI	4
\N	f	402	AIN BABOUCHE	4
\N	f	403	AIN BEIDA	4
\N	f	404	AIN FEKROUNE	4
\N	f	405	AIN KERCHA	4
\N	f	406	AIN MLILA	4
\N	f	407	DHALA	4
\N	f	408	FKIRINIA	4
\N	f	409	MESKIANA	4
\N	f	410	RAHIA	4
\N	f	411	SIGUS	4
\N	f	412	SOUK NAAMANE	4
\N	f	501	BATNA	5
\N	f	502	AIN DJASSER	5
\N	f	503	AIN TOUTA	5
\N	f	504	ARRIS	5
\N	f	505	BARIKA	5
\N	f	506	CHEMORA	5
\N	f	507	DJEZZAR	5
\N	f	508	EL MADHER	5
\N	f	509	ICHMOUL	5
\N	f	510	MENAA	5
\N	f	511	MEROUANA	5
\N	f	512	NGOUS	5
\N	f	513	OULED SI SLIMANE	5
\N	f	514	RAS EL AIOUN	5
\N	f	515	SEGGANA	5
\N	f	516	SERIANA	5
\N	f	517	TAZOULT	5
\N	f	518	TENIET EL ABED	5
\N	f	519	TIMGAD	5
\N	f	520	TKOUT	5
\N	f	601	BEJAIA	6
\N	f	602	ADEKAR	6
\N	f	603	AKBOU	6
\N	f	604	AMIZOUR	6
\N	f	605	AOKAS	6
\N	f	606	EL KSEUR	6
\N	f	607	IGHIL ALI	6
\N	f	608	KHERRATA	6
\N	f	609	SEDDOUK	6
\N	f	610	SIDI AICH	6
\N	f	611	SOUK EL THENINE	6
\N	f	612	TAZMALT	6
\N	f	613	TIMZRIT	6
\N	f	701	BISKRA	7
\N	f	702	OURLAL	7
\N	f	703	DJEMORAH	7
\N	f	704	EL OUTAYA	7
\N	f	705	FOUGHALA	7
\N	f	708	SIDI OKBA	7
\N	f	709	TOLGA	7
\N	f	710	ZERIBET EL OUED	7
\N	f	801	BECHAR	8
\N	f	802	ABADLA	8
\N	f	804	BENI OUNIF	8
\N	f	806	KENADSA	8
\N	f	809	LAHMAR	8
\N	f	812	TAGHIT	8
\N	f	901	BLIDA	9
\N	f	902	BOUFARIK	9
\N	f	903	BOUGARA	9
\N	f	904	BOUINAN	9
\N	f	906	EL AFFROUN	9
\N	f	907	LARBAA	9
\N	f	908	MEFTAH	9
\N	f	909	MOUZAIA	9
\N	f	910	OULED EL ALLEUG	9
\N	f	911	OULED YAICH	9
\N	f	1001	BOUIRA	10
\N	f	1002	AIN BESSAM	10
\N	f	1003	BIR GHBALOU	10
\N	f	1004	BORDJ OUKHRISS	10
\N	f	1005	DIRAH	10
\N	f	1006	EL ASNAM	10
\N	f	1007	EL HACHIMIA	10
\N	f	1008	HAIZER	10
\N	f	1009	HANIF	10
\N	f	1010	KADIRIA	10
\N	f	1011	LAKHDARIA	10
\N	f	1012	MCHEDALLAH	10
\N	f	1013	SOUK EL KHEMIS	10
\N	f	1014	SOUR EL GHOZLANE	10
\N	f	1101	TAMNGHASSET	11
\N	f	1105	TAZROUK	11
\N	f	1201	BIR EL ATER	12
\N	f	1202	BIR EL MOKADEM	12
\N	f	1203	CHERIA	12
\N	f	1204	EL AOUINET	12
\N	f	1205	EL KOUIF	12
\N	f	1206	EL MA EL BIOD	12
\N	f	1207	EL OGLA 	12
\N	f	1208	MORSOTT	12
\N	f	1209	NEGRINE	12
\N	f	1210	OUENZA	12
\N	f	1301	AIN TALLOUT	13
\N	f	1302	BAB EL ASSA	13
\N	f	1303	BEN SNOUS	13
\N	f	1304	GHAZAOUET	13
\N	f	1305	MAGHNIA	13
\N	f	1306	MANSOURAH	13
\N	f	1307	NEDROMA	13
\N	f	1308	OULED MIMOUN	13
\N	f	1309	REMCHI	13
\N	f	1310	SABRA	13
\N	f	1311	SEBDOU	13
\N	f	1312	SIDI DJILALI	13
\N	f	1401	TIARET	14
\N	f	1402	AIN DEHEB	14
\N	f	1403	AIN KERMES	14
\N	f	1404	DAHMOUNI	14
\N	f	1405	FRENDA	14
\N	f	1406	HAMADIA	14
\N	f	1407	KSAR CHELLALA	14
\N	f	1408	MAHDIA	14
\N	f	1409	MECHRAA SAFA	14
\N	f	1410	MEDROUSSA	14
\N	f	1411	MEGHILA	14
\N	f	1412	OUED LILI	14
\N	f	1413	RAHOUIA	14
\N	f	1414	SOUGUEUR	14
\N	f	1501	TIZI OUZOU	15
\N	f	1502	AIN EL HAMMAM	15
\N	f	1503	AZAZGA	15
\N	f	1504	AZZEFOUN	15
\N	f	1505	BENI DOUALA	15
\N	f	1506	BENI YENNI	15
\N	f	1507	BOGHNI	15
\N	f	1508	BOUZGUEN	15
\N	f	1509	DRAA BEN KHEDA	15
\N	f	1510	DRAA EL MIZAN	15
\N	f	1511	FREHA	15
\N	f	1512	IFERHOUNENE	15
\N	f	1513	LARBA NAIT IRATHEN	15
\N	f	1514	MAATKA	15
\N	f	1515	MEKLA	15
\N	f	1516	OUACIF	15
\N	f	1517	OUADHIA	15
\N	f	1518	OUAGUENOUN	15
\N	f	1519	TIGZIRT	15
\N	f	1520	TIZI GHENIF	15
\N	f	1601	AIN TAYA	16
\N	f	1602	BARAKI	16
\N	f	1603	BIRKHADEM	16
\N	f	1604	BIRTOUTA	16
\N	f	1605	BORDJ EL KIFFAN	16
\N	f	1606	BOUZAREAH	16
\N	f	1607	CHERAGA	16
\N	f	1608	DAR EL BEIDA	16
\N	f	1609	DRARIA	16
\N	f	1610	EL HARRACH	16
\N	f	1611	REGHAIA	16
\N	f	1612	ROUIBA	16
\N	f	1613	ZERALDA	16
\N	f	1701	DJELFA	17
\N	f	1702	AIN EL IBEL	17
\N	f	1703	AIN OUSSERA	17
\N	f	1704	BIRINE	17
\N	f	1705	CHAREF	17
\N	f	1706	DAR CHOUIKH	17
\N	f	1707	EL IDRISSIA	17
\N	f	1708	HASSI BAHBAH	17
\N	f	1709	MESSAAD	17
\N	f	1710	Sidi Laadjel	17
\N	f	1711	Had Sahary	17
\N	f	1712	Feidh El Botma	17
\N	f	1801	CHEKFA	18
\N	f	1802	EL ANCER	18
\N	f	1803	EL AOUANA	18
\N	f	1804	EL MILIA	18
\N	f	1805	KAOUS	18
\N	f	1806	SETTARA	18
\N	f	1807	SIDI ABDELAZIZ	18
\N	f	1808	SIDI MAAROUF	18
\N	f	1809	TAHER	18
\N	f	1810	TEXENA	18
\N	f	1901	AIN ABESSA	19
\N	f	1902	AIN ARNAT	19
\N	f	1903	AIN AZAL	19
\N	f	1904	AIN EL KEBIRA	19
\N	f	1905	AIN LAHDJAR	19
\N	f	1906	AIN OULMANE	19
\N	f	1907	AMOUCHA	19
\N	f	1908	BENI AZIZ	19
\N	f	1909	BENI FOUDA	19
\N	f	1910	BENI OUARTILANE	19
\N	f	1911	BIR EL ARCH	19
\N	f	1912	BOUANDAS	19
\N	f	1913	BOUGAA	19
\N	f	1914	EL EULMA	19
\N	f	1915	GUIDJEL	19
\N	f	1916	HAMMAM ESSOKHNA	19
\N	f	1917	HAMMAM GUERGOUR	19
\N	f	1918	SALAH BEY	19
\N	f	2001	AIN EL HADJAR	20
\N	f	2002	EL HASSASNA	20
\N	f	2003	OULED BRAHIM	20
\N	f	2004	SIDI BOUBEKOUR	20
\N	f	2005	YOUB	20
\N	f	2101	SKIKDA	21
\N	f	2102	AIN CHERCHAR	21
\N	f	2103	AIN KECHRA	21
\N	f	2104	AZZABA	21
\N	f	2105	BENAZOUZ	21
\N	f	2106	COLLO	21
\N	f	2107	EL HADIK	21
\N	f	2108	EL HARROUCH	21
\N	f	2109	EMDJEZ EDCHICH	21
\N	f	2110	ES SEBT	21
\N	f	2111	OULED ATTIA	21
\N	f	2112	OULED HEBABA	21
\N	f	2113	RAMDANE DJAMEL	21
\N	f	2114	SALAH BOUCHAOUR	21
\N	f	2115	SIDI MEZGHICHE	21
\N	f	2116	TAMALOUS	21
\N	f	2201	SIDI BEL ABBES	22
\N	f	2202	AIN EL BERD	22
\N	f	2203	HASSI ZEHANA	22
\N	f	2204	MARHOUM	22
\N	f	2205	MERINE	22
\N	f	2206	MOULAY SLISSEN	22
\N	f	2207	RAS EL MA	22
\N	f	2208	SFISSEF	22
\N	f	2209	SIDI ALI BENYOUB	22
\N	f	2210	SIDI LAHCENE	22
\N	f	2211	TELAGH	22
\N	f	2212	TENIRA	22
\N	f	2213	TESSALA	22
\N	f	2301	ANNABA	23
\N	f	2302	AIN EL BERDA	23
\N	f	2303	BERRAHEL	23
\N	f	2304	CHETAIBI	23
\N	f	2305	EL HADJAR	23
\N	f	2306	EL EULMA	23
\N	f	2401	AIN MAKHLOUF	24
\N	f	2402	BOUCHEGOUF	24
\N	f	2403	GUELAAT BOU SBAA	24
\N	f	2404	HAMMAM NBAIL	24
\N	f	2405	HAMMAM DEBAGH_MASKHOUTINE	24
\N	f	2406	KHEZARAS	24
\N	f	2407	OUED ZENATI	24
\N	f	2501	CONSTANTINE	25
\N	f	2502	AIN ABID	25
\N	f	2503	DIDOUCHE MOURAD	25
\N	f	2504	ELKHROUB	25
\N	f	2505	HAMMA BOUZIANE	25
\N	f	2506	IBN ZIAD	25
\N	f	2507	ZIGHOUD YOUCEF	25
\N	f	2601	AIN BOUCIF	26
\N	f	2602	AZIZ	26
\N	f	2603	BENI SLIMANE	26
\N	f	2604	BERROUAGHIA	26
\N	f	2605	BOUGUEZOUL	26
\N	f	2606	CHELLALET ADHAOURA	26
\N	f	2607	EL GUELB EL KEBIR	26
\N	f	2608	EL AZIZIA	26
\N	f	2609	EL OMARIA	26
\N	f	2610	KSAR EL BOUKHARI	26
\N	f	2611	OUAMRI	26
\N	f	2612	OUZERA	26
\N	f	2613	SEGHOUANE	26
\N	f	2614	SI MAHDJOUB	26
\N	f	2615	SOUAGUI	26
\N	f	2616	TABLAT	26
\N	f	2617	MEDEA	26
\N	f	2618	SIDI NAAMANE	26
\N	f	2619	OULED ANTAR	26
\N	f	2701	MOSTAGANEM	27
\N	f	2702	ACHAACHA	27
\N	f	2703	AIN NOUISSY	27
\N	f	2704	AIN TEDLES	27
\N	f	2705	BOUGUIRAT	27
\N	f	2706	HADJADJ	27
\N	f	2707	HASSI MAAMECHE	27
\N	f	2708	KHEIREDINE	27
\N	f	2709	MESRA	27
\N	f	2710	SIDI ALI	27
\N	f	2711	SIDI LAKHDAR	27
\N	f	2712	TOUAHRIA	27
\N	f	2801	MSILA	28
\N	f	2802	AIN EL HADJEL	28
\N	f	2803	AIN EL MELH	28
\N	f	2804	BOU SAADA	28
\N	f	2805	BEN SROUR	28
\N	f	2806	DJEBEL MESSAAD	28
\N	f	2807	HAMMAM DHALAA	28
\N	f	2808	KHOUBANA	28
\N	f	2809	MAGRA	28
\N	f	2810	OULED DERRADJ	28
\N	f	2811	SIDI AISSA	28
\N	f	2901	MASCARA	29
\N	f	2902	AOUF	29
\N	f	2903	BOU HANIFIA	29
\N	f	2904	BOU HENNI	29
\N	f	2905	EL GHOMRI	29
\N	f	2906	GHRISS	29
\N	f	2907	MATEMORE	29
\N	f	2908	MOHAMMADIA	29
\N	f	2909	OUED EL ABTAL	29
\N	f	2910	OUED TARIA	29
\N	f	2911	KHALOUIA	29
\N	f	2912	EL HACHEM	29
\N	f	2913	SIG	29
\N	f	2914	TEGHENIF	29
\N	f	2915	ZEHANA	29
\N	f	3001	OUARGLA	30
\N	f	3003	HASSI MESSAOUD	30
\N	f	3005	NGOUSSA	30
\N	f	3006	SIDI KHOUILED	30
\N	f	3101	AIN TURK	31
\N	f	3102	BETHIOUA	31
\N	f	3103	BOUTLELIS	31
\N	f	3104	ES SENIA	31
\N	f	3105	GDYEL	31
\N	f	3106	OUED TLELAT	31
\N	f	3201	EL BAYADH	32
\N	f	3202	BOUALEM	32
\N	f	3203	BOUGTOUB	32
\N	f	3204	BOUSSEMGHOUN	32
\N	f	3205	BREZINA	32
\N	f	3206	CHELLALA	32
\N	f	3207	EL MEHARA	32
\N	f	3208	GHASSOUL	32
\N	f	3209	EL ABIODH SIDI CHEIKH	32
\N	f	3210	ROGASSA	32
\N	f	3301	ILLIZI	33
\N	f	3303	IN AMENAS	33
\N	f	3401	BORDJ BOU ARRERIDJ	34
\N	f	3402	AIN TAGHROUT	34
\N	f	3403	BORDJ GHDIR	34
\N	f	3405	EL HAMADIA	34
\N	f	3406	HASNAOUA	34
\N	f	3407	MANSOURA	34
\N	f	3408	MEDJANA	34
\N	f	3409	RAS EL OUED	34
\N	f	3501	BOUMERDES	35
\N	f	3502	BAGHLIA	35
\N	f	3503	BORDJ MENAIL	35
\N	f	3504	BOUDOUAOU	35
\N	f	3505	DELLYS	35
\N	f	3506	ISSER	35
\N	f	3507	KHEMIS EL KHECHNA	35
\N	f	3508	NACIRIA	35
\N	f	3509	THENIA	35
\N	f	3510	ZEMMOURI	35
\N	f	3601	BEN MHIDI	36
\N	f	3602	BESBES	36
\N	f	3603	BOUHADJAR	36
\N	f	3604	BOUTELDJA	36
\N	f	3605	DREAN	36
\N	f	3606	EL KALA	36
\N	f	3701	TINDOUF	37
\N	f	3801	TISSEMSILT	38
\N	f	3802	AMMARI	38
\N	f	3803	BORDJ BOU NAAMA	38
\N	f	3804	BORDJ EL EMIR ABDELKADER	38
\N	f	3805	KHEMISTI	38
\N	f	3806	LARDJEM	38
\N	f	3807	LAZHARIA	38
\N	f	3808	THENIET EL HAD	38
\N	f	3901	EL OUED	39
\N	f	3902	DEBILA	39
\N	f	3905	GUEMAR	39
\N	f	3906	HASSI KHELIFA	39
\N	f	3907	RGUIBA	39
\N	f	3908	ROBBAH	39
\N	f	3909	TALEB LARBI	39
\N	f	4001	AIN TOUILA	40
\N	f	4002	BABAR	40
\N	f	4003	BOUHMAMA	40
\N	f	4004	CHECHAR	40
\N	f	4005	EL HAMMA	40
\N	f	4006	KAIS	40
\N	f	4007	OULED RECHACHE	40
\N	f	4101	SOUK AHRAS	41
\N	f	4102	BIR BOUHOUCHE	41
\N	f	4103	HADDADA	41
\N	f	4104	MDAOUROUCH	41
\N	f	4105	MERAHNA	41
\N	f	4106	OULED DRISS	41
\N	f	4107	OUM EL ADHAIM	41
\N	f	4108	SEDRATA	41
\N	f	4109	TAOURA	41
\N	f	4110	TIFFECH	41
\N	f	4201	TIPAZA	42
\N	f	4202	AHMAR EL AIN	42
\N	f	4203	BOU ISMAIL	42
\N	f	4204	CHERCHEl	42
\N	f	4205	DAMOUS	42
\N	f	4206	GOURAYA	42
\N	f	4207	HADJOUT	42
\N	f	4208	KOLEA	42
\N	f	4209	MENACEUR	42
\N	f	4301	AIN BEIDA HARRICHE	43
\N	f	4302	AIN TINE	43
\N	f	4303	BOUHATEM	43
\N	f	4304	CHELGHOUM LAID	43
\N	f	4305	FERDJIOUA	43
\N	f	4306	GRAREM GOUGA	43
\N	f	4307	OUED ATHMENIA	43
\N	f	4308	OUED ENDJA	43
\N	f	4309	ROUACHED	43
\N	f	4310	SIDI MEROUANE	43
\N	f	4311	TADJENANET	43
\N	f	4312	TASSADANE HADDADA	43
\N	f	4313	TELERGHEMA	43
\N	f	4314	TERRAI BAINEM	43
\N	f	4401	AIN DEFLA	44
\N	f	4402	AIN LECHIAKH	44
\N	f	4403	BATHIA	44
\N	f	4404	BORDJ EMIR KHALED	44
\N	f	4405	BOUMEDFAA	44
\N	f	4406	DJELIDA	44
\N	f	4407	DJENDEL	44
\N	f	4408	EL ABADIA	44
\N	f	4409	EL AMRA	44
\N	f	4410	EL ATTAF	44
\N	f	4411	HAMMAM RIGHA	44
\N	f	4412	KHEMIS MILIANA	44
\N	f	4413	MILIANA	44
\N	f	4414	ROUINA	44
\N	f	4501	AIN BEN KHELIL	45
\N	f	4502	AIN SEFRA	45
\N	f	4503	ASLA	45
\N	f	4504	MAKMEN BEN AMAR	45
\N	f	4505	MECHRIA	45
\N	f	4506	MOGHRAR	45
\N	f	4507	SFISSIFA	45
\N	f	4601	AIN TEMOUCHENT	46
\N	f	4602	AIN EL ARBAA 	46
\N	f	4603	AIN KIHAL	46
\N	f	4604	AIN TOLBA	46
\N	f	4605	BENI SAF	46
\N	f	4606	CHAABET EL HAM	46
\N	f	4607	EL AMRIA	46
\N	f	4608	EL MALAH	46
\N	f	4609	EL HASSASNA	46
\N	f	4610	HAMMAM BOUHADJAR	46
\N	f	4611	OUED SABAH 	46
\N	f	4612	OULHACA GHERABA	46
\N	f	4613	TERGA	46
\N	f	4701	GHARDAIA	47
\N	f	4702	BERRIANE	47
\N	f	4703	BOUNOURA	47
\N	f	4704	DHAYET BENDHAHOUA	47
\N	f	4705	EL GUERRARA	47
\N	f	4707	MANSOURA	47
\N	f	4708	METLILI	47
\N	f	4709	Zelfana	47
\N	f	4801	RELIZANE	48
\N	f	4802	AIN TAREK	48
\N	f	4803	AMMI MOUSSA	48
\N	f	4804	BELAASEL BOUZEGZA	48
\N	f	4805	DJIDIOUIA	48
\N	f	4806	EL MATMAR	48
\N	f	4807	MAZOUNA	48
\N	f	4808	MEDIOUNA	48
\N	f	4809	MENDES	48
\N	f	4810	OUED RHIOU	48
\N	f	4811	RAMKA	48
\N	f	4812	YELLEL	48
\N	f	4813	ZEMMOURA	48
\N	f	4901	Timimoun	49
\N	f	5001	Bordj Badji Mokhtar	50
\N	f	5101	Ouled Djellal	51
\N	f	5102	Sidi Khaled	51
\N	f	5201	BENI ABBES	52
\N	f	5202	Igli	52
\N	f	5203	Kerzaz	52
\N	f	5204	El ouata	52
\N	f	5205	Ouled Khodeir	52
\N	f	5206	Tabelbala	52
\N	f	5301	IN SALAH	53
\N	f	5302	In Ghar	53
\N	f	5401	IN GUEZZAM	54
\N	f	5402	Tin Zaouatine	54
\N	f	5501	Touggourt	55
\N	f	5502	El Hadjira	55
\N	f	5503	Megarine	55
\N	f	5504	Taibet	55
\N	f	5505	Tamacine	55
\N	f	5601	Djanet	56
\N	f	5701	El Meghaier	57
\N	f	5702	Djamaa	57
\N	f	5801	El Meniaa	58
\.


--
-- Data for Name: api_usersubdivision; Type: TABLE DATA; Schema: public; Owner: postgres
--

COPY public.api_usersubdivision (id, deleted, deleted_by_cascade, subdivision_id, user_id) FROM stdin;
1	\N	f	207	3
2	\N	f	408	4
\.


--
-- Data for Name: api_userwilaya; Type: TABLE DATA; Schema: public; Owner: postgres
--

COPY public.api_userwilaya (id, deleted, deleted_by_cascade, user_id, wilaya_id) FROM stdin;
1	\N	f	2	10
\.


--
-- Data for Name: api_wilaya; Type: TABLE DATA; Schema: public; Owner: postgres
--

COPY public.api_wilaya (deleted, deleted_by_cascade, id, nom) FROM stdin;
\N	f	1	ADRAR
\N	f	2	CHLEF
\N	f	3	LAGHOUAT
\N	f	4	OUM EL BOUAGHI
\N	f	5	BATNA
\N	f	6	BEJAIA
\N	f	7	BISKRA
\N	f	8	BECHAR
\N	f	9	BLIDA
\N	f	10	BOUIRA
\N	f	11	TAMNGHASSET
\N	f	12	TEBESSA
\N	f	13	TLEMCEN
\N	f	14	TIARET
\N	f	15	TIZI OUZOU
\N	f	16	ALGER
\N	f	17	DJELFA
\N	f	18	JIJEL
\N	f	19	SETIF
\N	f	20	SAIDA
\N	f	21	SKIKDA
\N	f	22	SIDI BEL ABBES
\N	f	23	ANNABA
\N	f	24	GUELMA
\N	f	25	CONSTANTINE
\N	f	26	MEDEA
\N	f	27	MOSTAGANEM
\N	f	28	MSILA
\N	f	29	MASCARA
\N	f	30	OUARGLA
\N	f	31	ORAN
\N	f	32	EL BAYADH
\N	f	33	ILLIZI
\N	f	34	BORDJ BOU ARRERIDJ
\N	f	35	BOUMERDES
\N	f	36	EL TARF
\N	f	37	TINDOUF
\N	f	38	TISSEMSILT
\N	f	39	EL OUED
\N	f	40	KHENCHELA
\N	f	41	SOUK AHRAS
\N	f	42	TIPAZA
\N	f	43	MILA
\N	f	44	AIN DEFLA
\N	f	45	NAAMA
\N	f	46	AIN TEMOUCHENT
\N	f	47	GHARDAIA 
\N	f	48	RELIZANE
\N	f	49	Timimoun        
\N	f	50	Bordj Badji Mokhtar 
\N	f	51	Ouled Djellal 
\N	f	52	BENI ABBES    
\N	f	53	IN SALAH          
\N	f	54	IN GUEZZAM    
\N	f	55	Touggourt
\N	f	56	Djanet  
\N	f	57	El Meghaier
\N	f	58	El Meniaa
\.


--
-- Data for Name: auth_group; Type: TABLE DATA; Schema: public; Owner: postgres
--

COPY public.auth_group (id, name) FROM stdin;
\.


--
-- Data for Name: auth_group_permissions; Type: TABLE DATA; Schema: public; Owner: postgres
--

COPY public.auth_group_permissions (id, group_id, permission_id) FROM stdin;
\.


--
-- Data for Name: auth_permission; Type: TABLE DATA; Schema: public; Owner: postgres
--

COPY public.auth_permission (id, name, content_type_id, codename) FROM stdin;
1	Can add log entry	1	add_logentry
2	Can change log entry	1	change_logentry
3	Can delete log entry	1	delete_logentry
4	Can view log entry	1	view_logentry
5	Can add permission	2	add_permission
6	Can change permission	2	change_permission
7	Can delete permission	2	delete_permission
8	Can view permission	2	view_permission
9	Can add group	3	add_group
10	Can change group	3	change_group
11	Can delete group	3	delete_group
12	Can view group	3	view_group
13	Can add content type	4	add_contenttype
14	Can change content type	4	change_contenttype
15	Can delete content type	4	delete_contenttype
16	Can view content type	4	view_contenttype
17	Can add session	5	add_session
18	Can change session	5	change_session
19	Can delete session	5	delete_session
20	Can view session	5	view_session
21	Can add espece	6	add_espece
22	Can change espece	6	change_espece
23	Can delete espece	6	delete_espece
24	Can view espece	6	view_espece
25	Can add wilaya	7	add_wilaya
26	Can change wilaya	7	change_wilaya
27	Can delete wilaya	7	delete_wilaya
28	Can view wilaya	7	view_wilaya
29	Can add sub division	8	add_subdivision
30	Can change sub division	8	change_subdivision
31	Can delete sub division	8	delete_subdivision
32	Can view sub division	8	view_subdivision
33	Can add commune	9	add_commune
34	Can change commune	9	change_commune
35	Can delete commune	9	delete_commune
36	Can view commune	9	view_commune
37	Can add role	10	add_role
38	Can change role	10	change_role
39	Can delete role	10	delete_role
40	Can view role	10	view_role
41	Can add custom user	11	add_customuser
42	Can change custom user	11	change_customuser
43	Can delete custom user	11	delete_customuser
44	Can view custom user	11	view_customuser
45	Can add permissions	12	add_permissions
46	Can change permissions	12	change_permissions
47	Can delete permissions	12	delete_permissions
48	Can view permissions	12	view_permissions
49	Can add user wilaya	13	add_userwilaya
50	Can change user wilaya	13	change_userwilaya
51	Can delete user wilaya	13	delete_userwilaya
52	Can view user wilaya	13	view_userwilaya
53	Can add user subdivision	14	add_usersubdivision
54	Can change user subdivision	14	change_usersubdivision
55	Can delete user subdivision	14	delete_usersubdivision
56	Can view user subdivision	14	view_usersubdivision
57	Can add agriculteur	15	add_agriculteur
58	Can change agriculteur	15	change_agriculteur
59	Can delete agriculteur	15	delete_agriculteur
60	Can view agriculteur	15	view_agriculteur
61	Can add objectif	16	add_objectif
62	Can change objectif	16	change_objectif
63	Can delete objectif	16	delete_objectif
64	Can view objectif	16	view_objectif
65	Can add exploitation	17	add_exploitation
66	Can change exploitation	17	change_exploitation
67	Can delete exploitation	17	delete_exploitation
68	Can view exploitation	17	view_exploitation
69	Can add parcelle	18	add_parcelle
70	Can change parcelle	18	change_parcelle
71	Can delete parcelle	18	delete_parcelle
72	Can view parcelle	18	view_parcelle
\.


--
-- Data for Name: django_admin_log; Type: TABLE DATA; Schema: public; Owner: postgres
--

COPY public.django_admin_log (id, action_time, object_id, object_repr, action_flag, change_message, content_type_id, user_id) FROM stdin;
\.


--
-- Data for Name: django_content_type; Type: TABLE DATA; Schema: public; Owner: postgres
--

COPY public.django_content_type (id, app_label, model) FROM stdin;
1	admin	logentry
2	auth	permission
3	auth	group
4	contenttypes	contenttype
5	sessions	session
6	api	espece
7	api	wilaya
8	api	subdivision
9	api	commune
10	api	role
11	api	customuser
12	api	permissions
13	api	userwilaya
14	api	usersubdivision
15	api	agriculteur
16	api	objectif
17	api	exploitation
18	api	parcelle
\.


--
-- Data for Name: django_migrations; Type: TABLE DATA; Schema: public; Owner: postgres
--

COPY public.django_migrations (id, app, name, applied) FROM stdin;
1	contenttypes	0001_initial	2025-07-12 13:05:43.310911+01
2	contenttypes	0002_remove_content_type_name	2025-07-12 13:05:43.384788+01
3	auth	0001_initial	2025-07-12 13:05:43.500627+01
4	auth	0002_alter_permission_name_max_length	2025-07-12 13:05:43.506426+01
5	auth	0003_alter_user_email_max_length	2025-07-12 13:05:43.511907+01
6	auth	0004_alter_user_username_opts	2025-07-12 13:05:43.518878+01
7	auth	0005_alter_user_last_login_null	2025-07-12 13:05:43.524043+01
8	auth	0006_require_contenttypes_0002	2025-07-12 13:05:43.525792+01
9	auth	0007_alter_validators_add_error_messages	2025-07-12 13:05:43.533311+01
10	auth	0008_alter_user_username_max_length	2025-07-12 13:05:43.5408+01
11	auth	0009_alter_user_last_name_max_length	2025-07-12 13:05:43.55931+01
12	auth	0010_alter_group_name_max_length	2025-07-12 13:05:43.570128+01
13	auth	0011_update_proxy_permissions	2025-07-12 13:05:43.576267+01
14	auth	0012_alter_user_first_name_max_length	2025-07-12 13:05:43.583661+01
15	api	0001_initial	2025-07-12 13:05:44.114083+01
16	admin	0001_initial	2025-07-12 13:05:44.190096+01
17	admin	0002_logentry_remove_auto_add	2025-07-12 13:05:44.207944+01
18	admin	0003_logentry_add_action_flag_choices	2025-07-12 13:05:44.222708+01
19	api	0002_alter_permissions_model	2025-07-12 13:05:44.308924+01
20	api	0003_alter_permissions_user	2025-07-12 13:05:44.327279+01
21	api	0004_alter_exploitation_lieu_alter_exploitation_nom	2025-07-12 13:05:44.357924+01
22	api	0005_alter_exploitation_agriculteur	2025-07-12 13:05:44.380316+01
23	api	0006_alter_exploitation_agriculteur	2025-07-12 13:05:44.43117+01
24	api	0007_alter_exploitation_agriculteur	2025-07-12 13:05:44.458875+01
25	api	0008_alter_customuser_role	2025-07-12 13:05:44.480545+01
26	api	0009_alter_objectif_espece_alter_objectif_wilaya_and_more	2025-07-12 13:05:44.549066+01
27	sessions	0001_initial	2025-07-12 13:05:44.567586+01
\.


--
-- Data for Name: django_session; Type: TABLE DATA; Schema: public; Owner: postgres
--

COPY public.django_session (session_key, session_data, expire_date) FROM stdin;
\.


--
-- Name: api_agriculteur_id_seq; Type: SEQUENCE SET; Schema: public; Owner: postgres
--

SELECT pg_catalog.setval('public.api_agriculteur_id_seq', 12, true);


--
-- Name: api_commune_id_seq; Type: SEQUENCE SET; Schema: public; Owner: postgres
--

SELECT pg_catalog.setval('public.api_commune_id_seq', 1, false);


--
-- Name: api_customuser_groups_id_seq; Type: SEQUENCE SET; Schema: public; Owner: postgres
--

SELECT pg_catalog.setval('public.api_customuser_groups_id_seq', 1, false);


--
-- Name: api_customuser_id_seq; Type: SEQUENCE SET; Schema: public; Owner: postgres
--

SELECT pg_catalog.setval('public.api_customuser_id_seq', 5, true);


--
-- Name: api_customuser_user_permissions_id_seq; Type: SEQUENCE SET; Schema: public; Owner: postgres
--

SELECT pg_catalog.setval('public.api_customuser_user_permissions_id_seq', 1, false);


--
-- Name: api_espece_id_seq; Type: SEQUENCE SET; Schema: public; Owner: postgres
--

SELECT pg_catalog.setval('public.api_espece_id_seq', 5, true);


--
-- Name: api_exploitation_id_seq; Type: SEQUENCE SET; Schema: public; Owner: postgres
--

SELECT pg_catalog.setval('public.api_exploitation_id_seq', 102, true);


--
-- Name: api_objectif_id_seq; Type: SEQUENCE SET; Schema: public; Owner: postgres
--

SELECT pg_catalog.setval('public.api_objectif_id_seq', 204, true);


--
-- Name: api_parcelle_id_seq; Type: SEQUENCE SET; Schema: public; Owner: postgres
--

SELECT pg_catalog.setval('public.api_parcelle_id_seq', 152, true);


--
-- Name: api_permissions_id_seq; Type: SEQUENCE SET; Schema: public; Owner: postgres
--

SELECT pg_catalog.setval('public.api_permissions_id_seq', 16, true);


--
-- Name: api_role_id_seq; Type: SEQUENCE SET; Schema: public; Owner: postgres
--

SELECT pg_catalog.setval('public.api_role_id_seq', 4, true);


--
-- Name: api_subdivision_id_seq; Type: SEQUENCE SET; Schema: public; Owner: postgres
--

SELECT pg_catalog.setval('public.api_subdivision_id_seq', 1, false);


--
-- Name: api_usersubdivision_id_seq; Type: SEQUENCE SET; Schema: public; Owner: postgres
--

SELECT pg_catalog.setval('public.api_usersubdivision_id_seq', 2, true);


--
-- Name: api_userwilaya_id_seq; Type: SEQUENCE SET; Schema: public; Owner: postgres
--

SELECT pg_catalog.setval('public.api_userwilaya_id_seq', 1, true);


--
-- Name: api_wilaya_id_seq; Type: SEQUENCE SET; Schema: public; Owner: postgres
--

SELECT pg_catalog.setval('public.api_wilaya_id_seq', 1, false);


--
-- Name: auth_group_id_seq; Type: SEQUENCE SET; Schema: public; Owner: postgres
--

SELECT pg_catalog.setval('public.auth_group_id_seq', 1, false);


--
-- Name: auth_group_permissions_id_seq; Type: SEQUENCE SET; Schema: public; Owner: postgres
--

SELECT pg_catalog.setval('public.auth_group_permissions_id_seq', 1, false);


--
-- Name: auth_permission_id_seq; Type: SEQUENCE SET; Schema: public; Owner: postgres
--

SELECT pg_catalog.setval('public.auth_permission_id_seq', 72, true);


--
-- Name: django_admin_log_id_seq; Type: SEQUENCE SET; Schema: public; Owner: postgres
--

SELECT pg_catalog.setval('public.django_admin_log_id_seq', 1, false);


--
-- Name: django_content_type_id_seq; Type: SEQUENCE SET; Schema: public; Owner: postgres
--

SELECT pg_catalog.setval('public.django_content_type_id_seq', 18, true);


--
-- Name: django_migrations_id_seq; Type: SEQUENCE SET; Schema: public; Owner: postgres
--

SELECT pg_catalog.setval('public.django_migrations_id_seq', 27, true);


--
-- Name: api_agriculteur api_agriculteur_numero_carte_fellah_key; Type: CONSTRAINT; Schema: public; Owner: postgres
--

ALTER TABLE ONLY public.api_agriculteur
    ADD CONSTRAINT api_agriculteur_numero_carte_fellah_key UNIQUE (numero_carte_fellah);


--
-- Name: api_agriculteur api_agriculteur_phoneNum_key; Type: CONSTRAINT; Schema: public; Owner: postgres
--

ALTER TABLE ONLY public.api_agriculteur
    ADD CONSTRAINT "api_agriculteur_phoneNum_key" UNIQUE ("phoneNum");


--
-- Name: api_agriculteur api_agriculteur_pkey; Type: CONSTRAINT; Schema: public; Owner: postgres
--

ALTER TABLE ONLY public.api_agriculteur
    ADD CONSTRAINT api_agriculteur_pkey PRIMARY KEY (id);


--
-- Name: api_commune api_commune_pkey; Type: CONSTRAINT; Schema: public; Owner: postgres
--

ALTER TABLE ONLY public.api_commune
    ADD CONSTRAINT api_commune_pkey PRIMARY KEY (id);


--
-- Name: api_customuser api_customuser_email_key; Type: CONSTRAINT; Schema: public; Owner: postgres
--

ALTER TABLE ONLY public.api_customuser
    ADD CONSTRAINT api_customuser_email_key UNIQUE (email);


--
-- Name: api_customuser_groups api_customuser_groups_customuser_id_group_id_d5b0c2ab_uniq; Type: CONSTRAINT; Schema: public; Owner: postgres
--

ALTER TABLE ONLY public.api_customuser_groups
    ADD CONSTRAINT api_customuser_groups_customuser_id_group_id_d5b0c2ab_uniq UNIQUE (customuser_id, group_id);


--
-- Name: api_customuser_groups api_customuser_groups_pkey; Type: CONSTRAINT; Schema: public; Owner: postgres
--

ALTER TABLE ONLY public.api_customuser_groups
    ADD CONSTRAINT api_customuser_groups_pkey PRIMARY KEY (id);


--
-- Name: api_customuser api_customuser_phoneNum_key; Type: CONSTRAINT; Schema: public; Owner: postgres
--

ALTER TABLE ONLY public.api_customuser
    ADD CONSTRAINT "api_customuser_phoneNum_key" UNIQUE ("phoneNum");


--
-- Name: api_customuser api_customuser_pkey; Type: CONSTRAINT; Schema: public; Owner: postgres
--

ALTER TABLE ONLY public.api_customuser
    ADD CONSTRAINT api_customuser_pkey PRIMARY KEY (id);


--
-- Name: api_customuser_user_permissions api_customuser_user_perm_customuser_id_permission_9deacd8d_uniq; Type: CONSTRAINT; Schema: public; Owner: postgres
--

ALTER TABLE ONLY public.api_customuser_user_permissions
    ADD CONSTRAINT api_customuser_user_perm_customuser_id_permission_9deacd8d_uniq UNIQUE (customuser_id, permission_id);


--
-- Name: api_customuser_user_permissions api_customuser_user_permissions_pkey; Type: CONSTRAINT; Schema: public; Owner: postgres
--

ALTER TABLE ONLY public.api_customuser_user_permissions
    ADD CONSTRAINT api_customuser_user_permissions_pkey PRIMARY KEY (id);


--
-- Name: api_espece api_espece_pkey; Type: CONSTRAINT; Schema: public; Owner: postgres
--

ALTER TABLE ONLY public.api_espece
    ADD CONSTRAINT api_espece_pkey PRIMARY KEY (id);


--
-- Name: api_exploitation api_exploitation_pkey; Type: CONSTRAINT; Schema: public; Owner: postgres
--

ALTER TABLE ONLY public.api_exploitation
    ADD CONSTRAINT api_exploitation_pkey PRIMARY KEY (id);


--
-- Name: api_objectif api_objectif_pkey; Type: CONSTRAINT; Schema: public; Owner: postgres
--

ALTER TABLE ONLY public.api_objectif
    ADD CONSTRAINT api_objectif_pkey PRIMARY KEY (id);


--
-- Name: api_parcelle api_parcelle_pkey; Type: CONSTRAINT; Schema: public; Owner: postgres
--

ALTER TABLE ONLY public.api_parcelle
    ADD CONSTRAINT api_parcelle_pkey PRIMARY KEY (id);


--
-- Name: api_permissions api_permissions_pkey; Type: CONSTRAINT; Schema: public; Owner: postgres
--

ALTER TABLE ONLY public.api_permissions
    ADD CONSTRAINT api_permissions_pkey PRIMARY KEY (id);


--
-- Name: api_role api_role_pkey; Type: CONSTRAINT; Schema: public; Owner: postgres
--

ALTER TABLE ONLY public.api_role
    ADD CONSTRAINT api_role_pkey PRIMARY KEY (id);


--
-- Name: api_subdivision api_subdivision_pkey; Type: CONSTRAINT; Schema: public; Owner: postgres
--

ALTER TABLE ONLY public.api_subdivision
    ADD CONSTRAINT api_subdivision_pkey PRIMARY KEY (id);


--
-- Name: api_usersubdivision api_usersubdivision_pkey; Type: CONSTRAINT; Schema: public; Owner: postgres
--

ALTER TABLE ONLY public.api_usersubdivision
    ADD CONSTRAINT api_usersubdivision_pkey PRIMARY KEY (id);


--
-- Name: api_usersubdivision api_usersubdivision_user_id_key; Type: CONSTRAINT; Schema: public; Owner: postgres
--

ALTER TABLE ONLY public.api_usersubdivision
    ADD CONSTRAINT api_usersubdivision_user_id_key UNIQUE (user_id);


--
-- Name: api_userwilaya api_userwilaya_pkey; Type: CONSTRAINT; Schema: public; Owner: postgres
--

ALTER TABLE ONLY public.api_userwilaya
    ADD CONSTRAINT api_userwilaya_pkey PRIMARY KEY (id);


--
-- Name: api_userwilaya api_userwilaya_user_id_key; Type: CONSTRAINT; Schema: public; Owner: postgres
--

ALTER TABLE ONLY public.api_userwilaya
    ADD CONSTRAINT api_userwilaya_user_id_key UNIQUE (user_id);


--
-- Name: api_wilaya api_wilaya_nom_key; Type: CONSTRAINT; Schema: public; Owner: postgres
--

ALTER TABLE ONLY public.api_wilaya
    ADD CONSTRAINT api_wilaya_nom_key UNIQUE (nom);


--
-- Name: api_wilaya api_wilaya_pkey; Type: CONSTRAINT; Schema: public; Owner: postgres
--

ALTER TABLE ONLY public.api_wilaya
    ADD CONSTRAINT api_wilaya_pkey PRIMARY KEY (id);


--
-- Name: auth_group auth_group_name_key; Type: CONSTRAINT; Schema: public; Owner: postgres
--

ALTER TABLE ONLY public.auth_group
    ADD CONSTRAINT auth_group_name_key UNIQUE (name);


--
-- Name: auth_group_permissions auth_group_permissions_group_id_permission_id_0cd325b0_uniq; Type: CONSTRAINT; Schema: public; Owner: postgres
--

ALTER TABLE ONLY public.auth_group_permissions
    ADD CONSTRAINT auth_group_permissions_group_id_permission_id_0cd325b0_uniq UNIQUE (group_id, permission_id);


--
-- Name: auth_group_permissions auth_group_permissions_pkey; Type: CONSTRAINT; Schema: public; Owner: postgres
--

ALTER TABLE ONLY public.auth_group_permissions
    ADD CONSTRAINT auth_group_permissions_pkey PRIMARY KEY (id);


--
-- Name: auth_group auth_group_pkey; Type: CONSTRAINT; Schema: public; Owner: postgres
--

ALTER TABLE ONLY public.auth_group
    ADD CONSTRAINT auth_group_pkey PRIMARY KEY (id);


--
-- Name: auth_permission auth_permission_content_type_id_codename_01ab375a_uniq; Type: CONSTRAINT; Schema: public; Owner: postgres
--

ALTER TABLE ONLY public.auth_permission
    ADD CONSTRAINT auth_permission_content_type_id_codename_01ab375a_uniq UNIQUE (content_type_id, codename);


--
-- Name: auth_permission auth_permission_pkey; Type: CONSTRAINT; Schema: public; Owner: postgres
--

ALTER TABLE ONLY public.auth_permission
    ADD CONSTRAINT auth_permission_pkey PRIMARY KEY (id);


--
-- Name: django_admin_log django_admin_log_pkey; Type: CONSTRAINT; Schema: public; Owner: postgres
--

ALTER TABLE ONLY public.django_admin_log
    ADD CONSTRAINT django_admin_log_pkey PRIMARY KEY (id);


--
-- Name: django_content_type django_content_type_app_label_model_76bd3d3b_uniq; Type: CONSTRAINT; Schema: public; Owner: postgres
--

ALTER TABLE ONLY public.django_content_type
    ADD CONSTRAINT django_content_type_app_label_model_76bd3d3b_uniq UNIQUE (app_label, model);


--
-- Name: django_content_type django_content_type_pkey; Type: CONSTRAINT; Schema: public; Owner: postgres
--

ALTER TABLE ONLY public.django_content_type
    ADD CONSTRAINT django_content_type_pkey PRIMARY KEY (id);


--
-- Name: django_migrations django_migrations_pkey; Type: CONSTRAINT; Schema: public; Owner: postgres
--

ALTER TABLE ONLY public.django_migrations
    ADD CONSTRAINT django_migrations_pkey PRIMARY KEY (id);


--
-- Name: django_session django_session_pkey; Type: CONSTRAINT; Schema: public; Owner: postgres
--

ALTER TABLE ONLY public.django_session
    ADD CONSTRAINT django_session_pkey PRIMARY KEY (session_key);


--
-- Name: api_agriculteur_deleted_e0d05c8a; Type: INDEX; Schema: public; Owner: postgres
--

CREATE INDEX api_agriculteur_deleted_e0d05c8a ON public.api_agriculteur USING btree (deleted);


--
-- Name: api_commune_deleted_6cf04588; Type: INDEX; Schema: public; Owner: postgres
--

CREATE INDEX api_commune_deleted_6cf04588 ON public.api_commune USING btree (deleted);


--
-- Name: api_commune_subdivision_id_d92f382b; Type: INDEX; Schema: public; Owner: postgres
--

CREATE INDEX api_commune_subdivision_id_d92f382b ON public.api_commune USING btree (subdivision_id);


--
-- Name: api_customuser_deleted_5b375512; Type: INDEX; Schema: public; Owner: postgres
--

CREATE INDEX api_customuser_deleted_5b375512 ON public.api_customuser USING btree (deleted);


--
-- Name: api_customuser_email_18215455_like; Type: INDEX; Schema: public; Owner: postgres
--

CREATE INDEX api_customuser_email_18215455_like ON public.api_customuser USING btree (email varchar_pattern_ops);


--
-- Name: api_customuser_groups_customuser_id_9eb4b783; Type: INDEX; Schema: public; Owner: postgres
--

CREATE INDEX api_customuser_groups_customuser_id_9eb4b783 ON public.api_customuser_groups USING btree (customuser_id);


--
-- Name: api_customuser_groups_group_id_f049027c; Type: INDEX; Schema: public; Owner: postgres
--

CREATE INDEX api_customuser_groups_group_id_f049027c ON public.api_customuser_groups USING btree (group_id);


--
-- Name: api_customuser_role_id_a93fae5f; Type: INDEX; Schema: public; Owner: postgres
--

CREATE INDEX api_customuser_role_id_a93fae5f ON public.api_customuser USING btree (role_id);


--
-- Name: api_customuser_user_permissions_customuser_id_5365c9ba; Type: INDEX; Schema: public; Owner: postgres
--

CREATE INDEX api_customuser_user_permissions_customuser_id_5365c9ba ON public.api_customuser_user_permissions USING btree (customuser_id);


--
-- Name: api_customuser_user_permissions_permission_id_8735d73e; Type: INDEX; Schema: public; Owner: postgres
--

CREATE INDEX api_customuser_user_permissions_permission_id_8735d73e ON public.api_customuser_user_permissions USING btree (permission_id);


--
-- Name: api_espece_deleted_ba432c3a; Type: INDEX; Schema: public; Owner: postgres
--

CREATE INDEX api_espece_deleted_ba432c3a ON public.api_espece USING btree (deleted);


--
-- Name: api_exploitation_agriculteur_id_6d09a13d; Type: INDEX; Schema: public; Owner: postgres
--

CREATE INDEX api_exploitation_agriculteur_id_6d09a13d ON public.api_exploitation USING btree (agriculteur_id);


--
-- Name: api_exploitation_commune_id_d0c08e0d; Type: INDEX; Schema: public; Owner: postgres
--

CREATE INDEX api_exploitation_commune_id_d0c08e0d ON public.api_exploitation USING btree (commune_id);


--
-- Name: api_exploitation_deleted_50925ee5; Type: INDEX; Schema: public; Owner: postgres
--

CREATE INDEX api_exploitation_deleted_50925ee5 ON public.api_exploitation USING btree (deleted);


--
-- Name: api_objectif_deleted_d0b5dca5; Type: INDEX; Schema: public; Owner: postgres
--

CREATE INDEX api_objectif_deleted_d0b5dca5 ON public.api_objectif USING btree (deleted);


--
-- Name: api_objectif_espece_id_f2c148b7; Type: INDEX; Schema: public; Owner: postgres
--

CREATE INDEX api_objectif_espece_id_f2c148b7 ON public.api_objectif USING btree (espece_id);


--
-- Name: api_objectif_wilaya_id_0bea11e4; Type: INDEX; Schema: public; Owner: postgres
--

CREATE INDEX api_objectif_wilaya_id_0bea11e4 ON public.api_objectif USING btree (wilaya_id);


--
-- Name: api_parcelle_deleted_0d54a83e; Type: INDEX; Schema: public; Owner: postgres
--

CREATE INDEX api_parcelle_deleted_0d54a83e ON public.api_parcelle USING btree (deleted);


--
-- Name: api_parcelle_espece_id_6ef15ff2; Type: INDEX; Schema: public; Owner: postgres
--

CREATE INDEX api_parcelle_espece_id_6ef15ff2 ON public.api_parcelle USING btree (espece_id);


--
-- Name: api_parcelle_exploitation_id_caf71b04; Type: INDEX; Schema: public; Owner: postgres
--

CREATE INDEX api_parcelle_exploitation_id_caf71b04 ON public.api_parcelle USING btree (exploitation_id);


--
-- Name: api_permissions_deleted_104a87b5; Type: INDEX; Schema: public; Owner: postgres
--

CREATE INDEX api_permissions_deleted_104a87b5 ON public.api_permissions USING btree (deleted);


--
-- Name: api_permissions_user_id_9a0e9b46; Type: INDEX; Schema: public; Owner: postgres
--

CREATE INDEX api_permissions_user_id_9a0e9b46 ON public.api_permissions USING btree (user_id);


--
-- Name: api_role_deleted_769f2b7a; Type: INDEX; Schema: public; Owner: postgres
--

CREATE INDEX api_role_deleted_769f2b7a ON public.api_role USING btree (deleted);


--
-- Name: api_subdivision_deleted_393f4530; Type: INDEX; Schema: public; Owner: postgres
--

CREATE INDEX api_subdivision_deleted_393f4530 ON public.api_subdivision USING btree (deleted);


--
-- Name: api_subdivision_wilaya_id_9f7e5aec; Type: INDEX; Schema: public; Owner: postgres
--

CREATE INDEX api_subdivision_wilaya_id_9f7e5aec ON public.api_subdivision USING btree (wilaya_id);


--
-- Name: api_usersubdivision_deleted_866cdb7b; Type: INDEX; Schema: public; Owner: postgres
--

CREATE INDEX api_usersubdivision_deleted_866cdb7b ON public.api_usersubdivision USING btree (deleted);


--
-- Name: api_usersubdivision_subdivision_id_7199d2a2; Type: INDEX; Schema: public; Owner: postgres
--

CREATE INDEX api_usersubdivision_subdivision_id_7199d2a2 ON public.api_usersubdivision USING btree (subdivision_id);


--
-- Name: api_userwilaya_deleted_57ce0b03; Type: INDEX; Schema: public; Owner: postgres
--

CREATE INDEX api_userwilaya_deleted_57ce0b03 ON public.api_userwilaya USING btree (deleted);


--
-- Name: api_userwilaya_wilaya_id_65f1c0be; Type: INDEX; Schema: public; Owner: postgres
--

CREATE INDEX api_userwilaya_wilaya_id_65f1c0be ON public.api_userwilaya USING btree (wilaya_id);


--
-- Name: api_wilaya_deleted_ee6fec6e; Type: INDEX; Schema: public; Owner: postgres
--

CREATE INDEX api_wilaya_deleted_ee6fec6e ON public.api_wilaya USING btree (deleted);


--
-- Name: api_wilaya_nom_886967f6_like; Type: INDEX; Schema: public; Owner: postgres
--

CREATE INDEX api_wilaya_nom_886967f6_like ON public.api_wilaya USING btree (nom varchar_pattern_ops);


--
-- Name: auth_group_name_a6ea08ec_like; Type: INDEX; Schema: public; Owner: postgres
--

CREATE INDEX auth_group_name_a6ea08ec_like ON public.auth_group USING btree (name varchar_pattern_ops);


--
-- Name: auth_group_permissions_group_id_b120cbf9; Type: INDEX; Schema: public; Owner: postgres
--

CREATE INDEX auth_group_permissions_group_id_b120cbf9 ON public.auth_group_permissions USING btree (group_id);


--
-- Name: auth_group_permissions_permission_id_84c5c92e; Type: INDEX; Schema: public; Owner: postgres
--

CREATE INDEX auth_group_permissions_permission_id_84c5c92e ON public.auth_group_permissions USING btree (permission_id);


--
-- Name: auth_permission_content_type_id_2f476e4b; Type: INDEX; Schema: public; Owner: postgres
--

CREATE INDEX auth_permission_content_type_id_2f476e4b ON public.auth_permission USING btree (content_type_id);


--
-- Name: django_admin_log_content_type_id_c4bce8eb; Type: INDEX; Schema: public; Owner: postgres
--

CREATE INDEX django_admin_log_content_type_id_c4bce8eb ON public.django_admin_log USING btree (content_type_id);


--
-- Name: django_admin_log_user_id_c564eba6; Type: INDEX; Schema: public; Owner: postgres
--

CREATE INDEX django_admin_log_user_id_c564eba6 ON public.django_admin_log USING btree (user_id);


--
-- Name: django_session_expire_date_a5c62663; Type: INDEX; Schema: public; Owner: postgres
--

CREATE INDEX django_session_expire_date_a5c62663 ON public.django_session USING btree (expire_date);


--
-- Name: django_session_session_key_c0390e0f_like; Type: INDEX; Schema: public; Owner: postgres
--

CREATE INDEX django_session_session_key_c0390e0f_like ON public.django_session USING btree (session_key varchar_pattern_ops);


--
-- Name: api_commune api_commune_subdivision_id_d92f382b_fk_api_subdivision_id; Type: FK CONSTRAINT; Schema: public; Owner: postgres
--

ALTER TABLE ONLY public.api_commune
    ADD CONSTRAINT api_commune_subdivision_id_d92f382b_fk_api_subdivision_id FOREIGN KEY (subdivision_id) REFERENCES public.api_subdivision(id) DEFERRABLE INITIALLY DEFERRED;


--
-- Name: api_customuser_groups api_customuser_group_customuser_id_9eb4b783_fk_api_custo; Type: FK CONSTRAINT; Schema: public; Owner: postgres
--

ALTER TABLE ONLY public.api_customuser_groups
    ADD CONSTRAINT api_customuser_group_customuser_id_9eb4b783_fk_api_custo FOREIGN KEY (customuser_id) REFERENCES public.api_customuser(id) DEFERRABLE INITIALLY DEFERRED;


--
-- Name: api_customuser_groups api_customuser_groups_group_id_f049027c_fk_auth_group_id; Type: FK CONSTRAINT; Schema: public; Owner: postgres
--

ALTER TABLE ONLY public.api_customuser_groups
    ADD CONSTRAINT api_customuser_groups_group_id_f049027c_fk_auth_group_id FOREIGN KEY (group_id) REFERENCES public.auth_group(id) DEFERRABLE INITIALLY DEFERRED;


--
-- Name: api_customuser api_customuser_role_id_a93fae5f_fk_api_role_id; Type: FK CONSTRAINT; Schema: public; Owner: postgres
--

ALTER TABLE ONLY public.api_customuser
    ADD CONSTRAINT api_customuser_role_id_a93fae5f_fk_api_role_id FOREIGN KEY (role_id) REFERENCES public.api_role(id) DEFERRABLE INITIALLY DEFERRED;


--
-- Name: api_customuser_user_permissions api_customuser_user__customuser_id_5365c9ba_fk_api_custo; Type: FK CONSTRAINT; Schema: public; Owner: postgres
--

ALTER TABLE ONLY public.api_customuser_user_permissions
    ADD CONSTRAINT api_customuser_user__customuser_id_5365c9ba_fk_api_custo FOREIGN KEY (customuser_id) REFERENCES public.api_customuser(id) DEFERRABLE INITIALLY DEFERRED;


--
-- Name: api_customuser_user_permissions api_customuser_user__permission_id_8735d73e_fk_auth_perm; Type: FK CONSTRAINT; Schema: public; Owner: postgres
--

ALTER TABLE ONLY public.api_customuser_user_permissions
    ADD CONSTRAINT api_customuser_user__permission_id_8735d73e_fk_auth_perm FOREIGN KEY (permission_id) REFERENCES public.auth_permission(id) DEFERRABLE INITIALLY DEFERRED;


--
-- Name: api_exploitation api_exploitation_agriculteur_id_6d09a13d_fk_api_agriculteur_id; Type: FK CONSTRAINT; Schema: public; Owner: postgres
--

ALTER TABLE ONLY public.api_exploitation
    ADD CONSTRAINT api_exploitation_agriculteur_id_6d09a13d_fk_api_agriculteur_id FOREIGN KEY (agriculteur_id) REFERENCES public.api_agriculteur(id) DEFERRABLE INITIALLY DEFERRED;


--
-- Name: api_exploitation api_exploitation_commune_id_d0c08e0d_fk_api_commune_id; Type: FK CONSTRAINT; Schema: public; Owner: postgres
--

ALTER TABLE ONLY public.api_exploitation
    ADD CONSTRAINT api_exploitation_commune_id_d0c08e0d_fk_api_commune_id FOREIGN KEY (commune_id) REFERENCES public.api_commune(id) DEFERRABLE INITIALLY DEFERRED;


--
-- Name: api_objectif api_objectif_espece_id_f2c148b7_fk_api_espece_id; Type: FK CONSTRAINT; Schema: public; Owner: postgres
--

ALTER TABLE ONLY public.api_objectif
    ADD CONSTRAINT api_objectif_espece_id_f2c148b7_fk_api_espece_id FOREIGN KEY (espece_id) REFERENCES public.api_espece(id) DEFERRABLE INITIALLY DEFERRED;


--
-- Name: api_objectif api_objectif_wilaya_id_0bea11e4_fk_api_wilaya_id; Type: FK CONSTRAINT; Schema: public; Owner: postgres
--

ALTER TABLE ONLY public.api_objectif
    ADD CONSTRAINT api_objectif_wilaya_id_0bea11e4_fk_api_wilaya_id FOREIGN KEY (wilaya_id) REFERENCES public.api_wilaya(id) DEFERRABLE INITIALLY DEFERRED;


--
-- Name: api_parcelle api_parcelle_espece_id_6ef15ff2_fk_api_espece_id; Type: FK CONSTRAINT; Schema: public; Owner: postgres
--

ALTER TABLE ONLY public.api_parcelle
    ADD CONSTRAINT api_parcelle_espece_id_6ef15ff2_fk_api_espece_id FOREIGN KEY (espece_id) REFERENCES public.api_espece(id) DEFERRABLE INITIALLY DEFERRED;


--
-- Name: api_parcelle api_parcelle_exploitation_id_caf71b04_fk_api_exploitation_id; Type: FK CONSTRAINT; Schema: public; Owner: postgres
--

ALTER TABLE ONLY public.api_parcelle
    ADD CONSTRAINT api_parcelle_exploitation_id_caf71b04_fk_api_exploitation_id FOREIGN KEY (exploitation_id) REFERENCES public.api_exploitation(id) DEFERRABLE INITIALLY DEFERRED;


--
-- Name: api_permissions api_permissions_user_id_9a0e9b46_fk_api_customuser_id; Type: FK CONSTRAINT; Schema: public; Owner: postgres
--

ALTER TABLE ONLY public.api_permissions
    ADD CONSTRAINT api_permissions_user_id_9a0e9b46_fk_api_customuser_id FOREIGN KEY (user_id) REFERENCES public.api_customuser(id) DEFERRABLE INITIALLY DEFERRED;


--
-- Name: api_subdivision api_subdivision_wilaya_id_9f7e5aec_fk_api_wilaya_id; Type: FK CONSTRAINT; Schema: public; Owner: postgres
--

ALTER TABLE ONLY public.api_subdivision
    ADD CONSTRAINT api_subdivision_wilaya_id_9f7e5aec_fk_api_wilaya_id FOREIGN KEY (wilaya_id) REFERENCES public.api_wilaya(id) DEFERRABLE INITIALLY DEFERRED;


--
-- Name: api_usersubdivision api_usersubdivision_subdivision_id_7199d2a2_fk_api_subdi; Type: FK CONSTRAINT; Schema: public; Owner: postgres
--

ALTER TABLE ONLY public.api_usersubdivision
    ADD CONSTRAINT api_usersubdivision_subdivision_id_7199d2a2_fk_api_subdi FOREIGN KEY (subdivision_id) REFERENCES public.api_subdivision(id) DEFERRABLE INITIALLY DEFERRED;


--
-- Name: api_usersubdivision api_usersubdivision_user_id_31fc960f_fk_api_customuser_id; Type: FK CONSTRAINT; Schema: public; Owner: postgres
--

ALTER TABLE ONLY public.api_usersubdivision
    ADD CONSTRAINT api_usersubdivision_user_id_31fc960f_fk_api_customuser_id FOREIGN KEY (user_id) REFERENCES public.api_customuser(id) DEFERRABLE INITIALLY DEFERRED;


--
-- Name: api_userwilaya api_userwilaya_user_id_8a796557_fk_api_customuser_id; Type: FK CONSTRAINT; Schema: public; Owner: postgres
--

ALTER TABLE ONLY public.api_userwilaya
    ADD CONSTRAINT api_userwilaya_user_id_8a796557_fk_api_customuser_id FOREIGN KEY (user_id) REFERENCES public.api_customuser(id) DEFERRABLE INITIALLY DEFERRED;


--
-- Name: api_userwilaya api_userwilaya_wilaya_id_65f1c0be_fk_api_wilaya_id; Type: FK CONSTRAINT; Schema: public; Owner: postgres
--

ALTER TABLE ONLY public.api_userwilaya
    ADD CONSTRAINT api_userwilaya_wilaya_id_65f1c0be_fk_api_wilaya_id FOREIGN KEY (wilaya_id) REFERENCES public.api_wilaya(id) DEFERRABLE INITIALLY DEFERRED;


--
-- Name: auth_group_permissions auth_group_permissio_permission_id_84c5c92e_fk_auth_perm; Type: FK CONSTRAINT; Schema: public; Owner: postgres
--

ALTER TABLE ONLY public.auth_group_permissions
    ADD CONSTRAINT auth_group_permissio_permission_id_84c5c92e_fk_auth_perm FOREIGN KEY (permission_id) REFERENCES public.auth_permission(id) DEFERRABLE INITIALLY DEFERRED;


--
-- Name: auth_group_permissions auth_group_permissions_group_id_b120cbf9_fk_auth_group_id; Type: FK CONSTRAINT; Schema: public; Owner: postgres
--

ALTER TABLE ONLY public.auth_group_permissions
    ADD CONSTRAINT auth_group_permissions_group_id_b120cbf9_fk_auth_group_id FOREIGN KEY (group_id) REFERENCES public.auth_group(id) DEFERRABLE INITIALLY DEFERRED;


--
-- Name: auth_permission auth_permission_content_type_id_2f476e4b_fk_django_co; Type: FK CONSTRAINT; Schema: public; Owner: postgres
--

ALTER TABLE ONLY public.auth_permission
    ADD CONSTRAINT auth_permission_content_type_id_2f476e4b_fk_django_co FOREIGN KEY (content_type_id) REFERENCES public.django_content_type(id) DEFERRABLE INITIALLY DEFERRED;


--
-- Name: django_admin_log django_admin_log_content_type_id_c4bce8eb_fk_django_co; Type: FK CONSTRAINT; Schema: public; Owner: postgres
--

ALTER TABLE ONLY public.django_admin_log
    ADD CONSTRAINT django_admin_log_content_type_id_c4bce8eb_fk_django_co FOREIGN KEY (content_type_id) REFERENCES public.django_content_type(id) DEFERRABLE INITIALLY DEFERRED;


--
-- Name: django_admin_log django_admin_log_user_id_c564eba6_fk_api_customuser_id; Type: FK CONSTRAINT; Schema: public; Owner: postgres
--

ALTER TABLE ONLY public.django_admin_log
    ADD CONSTRAINT django_admin_log_user_id_c564eba6_fk_api_customuser_id FOREIGN KEY (user_id) REFERENCES public.api_customuser(id) DEFERRABLE INITIALLY DEFERRED;


--
-- PostgreSQL database dump complete
--

